timestamp,price,scenario,market,cap_hist,cap_da_hist
2025-05-01 00:00:00+00:00,53.365649041765444,s_000,cap_up,h_0,h_0
2025-05-01 00:15:00+00:00,53.365649041765444,s_000,cap_up,h_0,h_0
2025-05-01 00:30:00+00:00,53.365649041765444,s_000,cap_up,h_0,h_0
2025-05-01 00:45:00+00:00,53.365649041765444,s_000,cap_up,h_0,h_0
2025-05-01 01:00:00+00:00,59.06725691074381,s_000,cap_up,h_0,h_0
2025-05-01 01:15:00+00:00,59.06725691074381,s_000,cap_up,h_0,h_0
2025-05-01 01:30:00+00:00,59.06725691074381,s_000,cap_up,h_0,h_0
2025-05-01 01:45:00+00:00,59.06725691074381,s_000,cap_up,h_0,h_0
2025-05-01 02:00:00+00:00,62.8827323007021,s_000,cap_up,h_0,h_0
2025-05-01 02:15:00+00:00,62.8827323007021,s_000,cap_up,h_0,h_0
2025-05-01 02:30:00+00:00,62.8827323007021,s_000,cap_up,h_0,h_0
2025-05-01 02:45:00+00:00,62.8827323007021,s_000,cap_up,h_0,h_0
2025-05-01 03:00:00+00:00,66.85119472808579,s_000,cap_up,h_0,h_0
2025-05-01 03:15:00+00:00,66.85119472808579,s_000,cap_up,h_0,h_0
2025-05-01 03:30:00+00:00,66.85119472808579,s_000,cap_up,h_0,h_0
2025-05-01 03:45:00+00:00,66.85119472808579,s_000,cap_up,h_0,h_0
2025-05-01 04:00:00+00:00,74.68744681563172,s_000,cap_up,h_0,h_0
2025-05-01 04:15:00+00:00,74.68744681563172,s_000,cap_up,h_0,h_0
2025-05-01 04:30:00+00:00,74.68744681563172,s_000,cap_up,h_0,h_0
2025-05-01 04:45:00+00:00,74.68744681563172,s_000,cap_up,h_0,h_0
2025-05-01 05:00:00+00:00,75.1593293427428,s_000,cap_up,h_0,h_0
2025-05-01 05:15:00+00:00,75.1593293427428,s_000,cap_up,h_0,h_0
2025-05-01 05:30:00+00:00,75.1593293427428,s_000,cap_up,h_0,h_0
2025-05-01 05:45:00+00:00,75.1593293427428,s_000,cap_up,h_0,h_0
2025-05-01 06:00:00+00:00,72.47280075935238,s_000,cap_up,h_0,h_0
2025-05-01 06:15:00+00:00,72.47280075935238,s_000,cap_up,h_0,h_0
2025-05-01 06:30:00+00:00,72.47280075935238,s_000,cap_up,h_0,h_0
2025-05-01 06:45:00+00:00,72.47280075935238,s_000,cap_up,h_0,h_0
2025-05-01 07:00:00+00:00,67.21533789594744,s_000,cap_up,h_0,h_0
2025-05-01 07:15:00+00:00,67.21533789594744,s_000,cap_up,h_0,h_0
2025-05-01 07:30:00+00:00,67.21533789594744,s_000,cap_up,h_0,h_0
2025-05-01 07:45:00+00:00,67.21533789594744,s_000,cap_up,h_0,h_0
2025-05-01 08:00:00+00:00,55.622398214884115,s_000,cap_up,h_0,h_0
2025-05-01 08:15:00+00:00,55.622398214884115,s_000,cap_up,h_0,h_0
2025-05-01 08:30:00+00:00,55.622398214884115,s_000,cap_up,h_0,h_0
2025-05-01 08:45:00+00:00,55.622398214884115,s_000,cap_up,h_0,h_0
2025-05-01 09:00:00+00:00,46.37593457364338,s_000,cap_up,h_0,h_0
2025-05-01 09:15:00+00:00,46.37593457364338,s_000,cap_up,h_0,h_0
2025-05-01 09:30:00+00:00,46.37593457364338,s_000,cap_up,h_0,h_0
2025-05-01 09:45:00+00:00,46.37593457364338,s_000,cap_up,h_0,h_0
2025-05-01 10:00:00+00:00,35.40625659548439,s_000,cap_up,h_0,h_0
2025-05-01 10:15:00+00:00,35.40625659548439,s_000,cap_up,h_0,h_0
2025-05-01 10:30:00+00:00,35.40625659548439,s_000,cap_up,h_0,h_0
2025-05-01 10:45:00+00:00,35.40625659548439,s_000,cap_up,h_0,h_0
2025-05-01 11:00:00+00:00,32.75223476204289,s_000,cap_up,h_0,h_0
2025-05-01 11:15:00+00:00,32.75223476204289,s_000,cap_up,h_0,h_0
2025-05-01 11:30:00+00:00,32.75223476204289,s_000,cap_up,h_0,h_0
2025-05-01 11:45:00+00:00,32.75223476204289,s_000,cap_up,h_0,h_0
2025-05-01 12:00:00+00:00,41.27615290881617,s_000,cap_up,h_0,h_0
2025-05-01 12:15:00+00:00,41.27615290881617,s_000,cap_up,h_0,h_0
2025-05-01 12:30:00+00:00,41.27615290881617,s_000,cap_up,h_0,h_0
2025-05-01 12:45:00+00:00,41.27615290881617,s_000,cap_up,h_0,h_0
2025-05-01 13:00:00+00:00,49.26899927678241,s_000,cap_up,h_0,h_0
2025-05-01 13:15:00+00:00,49.26899927678241,s_000,cap_up,h_0,h_0
2025-05-01 13:30:00+00:00,49.26899927678241,s_000,cap_up,h_0,h_0
2025-05-01 13:45:00+00:00,49.26899927678241,s_000,cap_up,h_0,h_0
2025-05-01 14:00:00+00:00,58.18151663111324,s_000,cap_up,h_0,h_0
2025-05-01 14:15:00+00:00,58.18151663111324,s_000,cap_up,h_0,h_0
2025-05-01 14:30:00+00:00,58.18151663111324,s_000,cap_up,h_0,h_0
2025-05-01 14:45:00+00:00,58.18151663111324,s_000,cap_up,h_0,h_0
2025-05-01 15:00:00+00:00,65.6679736164873,s_000,cap_up,h_0,h_0
2025-05-01 15:15:00+00:00,65.6679736164873,s_000,cap_up,h_0,h_0
2025-05-01 15:30:00+00:00,65.6679736164873,s_000,cap_up,h_0,h_0
2025-05-01 15:45:00+00:00,65.6679736164873,s_000,cap_up,h_0,h_0
2025-05-01 16:00:00+00:00,70.87317833012577,s_000,cap_up,h_0,h_0
2025-05-01 16:15:00+00:00,70.87317833012577,s_000,cap_up,h_0,h_0
2025-05-01 16:30:00+00:00,70.87317833012577,s_000,cap_up,h_0,h_0
2025-05-01 16:45:00+00:00,70.87317833012577,s_000,cap_up,h_0,h_0
2025-05-01 17:00:00+00:00,77.80551263074423,s_000,cap_up,h_0,h_0
2025-05-01 17:15:00+00:00,77.80551263074423,s_000,cap_up,h_0,h_0
2025-05-01 17:30:00+00:00,77.80551263074423,s_000,cap_up,h_0,h_0
2025-05-01 17:45:00+00:00,77.80551263074423,s_000,cap_up,h_0,h_0
2025-05-01 18:00:00+00:00,78.3268994439359,s_000,cap_up,h_0,h_0
2025-05-01 18:15:00+00:00,78.3268994439359,s_000,cap_up,h_0,h_0
2025-05-01 18:30:00+00:00,78.3268994439359,s_000,cap_up,h_0,h_0
2025-05-01 18:45:00+00:00,78.3268994439359,s_000,cap_up,h_0,h_0
2025-05-01 19:00:00+00:00,75.89984624568208,s_000,cap_up,h_0,h_0
2025-05-01 19:15:00+00:00,75.89984624568208,s_000,cap_up,h_0,h_0
2025-05-01 19:30:00+00:00,75.89984624568208,s_000,cap_up,h_0,h_0
2025-05-01 19:45:00+00:00,75.89984624568208,s_000,cap_up,h_0,h_0
2025-05-01 20:00:00+00:00,66.09062206371468,s_000,cap_up,h_0,h_0
2025-05-01 20:15:00+00:00,66.09062206371468,s_000,cap_up,h_0,h_0
2025-05-01 20:30:00+00:00,66.09062206371468,s_000,cap_up,h_0,h_0
2025-05-01 20:45:00+00:00,66.09062206371468,s_000,cap_up,h_0,h_0
2025-05-01 21:00:00+00:00,60.8301168190202,s_000,cap_up,h_0,h_0
2025-05-01 21:15:00+00:00,60.8301168190202,s_000,cap_up,h_0,h_0
2025-05-01 21:30:00+00:00,60.8301168190202,s_000,cap_up,h_0,h_0
2025-05-01 21:45:00+00:00,60.8301168190202,s_000,cap_up,h_0,h_0
2025-05-01 22:00:00+00:00,54.62013161564255,s_000,cap_up,h_0,h_0
2025-05-01 22:15:00+00:00,54.62013161564255,s_000,cap_up,h_0,h_0
2025-05-01 22:30:00+00:00,54.62013161564255,s_000,cap_up,h_0,h_0
2025-05-01 22:45:00+00:00,54.62013161564255,s_000,cap_up,h_0,h_0
2025-05-01 23:00:00+00:00,47.83705791729617,s_000,cap_up,h_0,h_0
2025-05-01 23:15:00+00:00,47.83705791729617,s_000,cap_up,h_0,h_0
2025-05-01 23:30:00+00:00,47.83705791729617,s_000,cap_up,h_0,h_0
2025-05-01 23:45:00+00:00,47.83705791729617,s_000,cap_up,h_0,h_0
2025-05-01 00:00:00+00:00,0.3816350592420259,s_000,cap_down,h_0,h_0
2025-05-01 00:15:00+00:00,0.3816350592420259,s_000,cap_down,h_0,h_0
2025-05-01 00:30:00+00:00,0.3816350592420259,s_000,cap_down,h_0,h_0
2025-05-01 00:45:00+00:00,0.3816350592420259,s_000,cap_down,h_0,h_0
2025-05-01 01:00:00+00:00,0.45299871063754055,s_000,cap_down,h_0,h_0
2025-05-01 01:15:00+00:00,0.45299871063754055,s_000,cap_down,h_0,h_0
2025-05-01 01:30:00+00:00,0.45299871063754055,s_000,cap_down,h_0,h_0
2025-05-01 01:45:00+00:00,0.45299871063754055,s_000,cap_down,h_0,h_0
2025-05-01 02:00:00+00:00,0.3606523388117158,s_000,cap_down,h_0,h_0
2025-05-01 02:15:00+00:00,0.3606523388117158,s_000,cap_down,h_0,h_0
2025-05-01 02:30:00+00:00,0.3606523388117158,s_000,cap_down,h_0,h_0
2025-05-01 02:45:00+00:00,0.3606523388117158,s_000,cap_down,h_0,h_0
2025-05-01 03:00:00+00:00,0.41297245496662305,s_000,cap_down,h_0,h_0
2025-05-01 03:15:00+00:00,0.41297245496662305,s_000,cap_down,h_0,h_0
2025-05-01 03:30:00+00:00,0.41297245496662305,s_000,cap_down,h_0,h_0
2025-05-01 03:45:00+00:00,0.41297245496662305,s_000,cap_down,h_0,h_0
2025-05-01 04:00:00+00:00,0.3887439315575843,s_000,cap_down,h_0,h_0
2025-05-01 04:15:00+00:00,0.3887439315575843,s_000,cap_down,h_0,h_0
2025-05-01 04:30:00+00:00,0.3887439315575843,s_000,cap_down,h_0,h_0
2025-05-01 04:45:00+00:00,0.3887439315575843,s_000,cap_down,h_0,h_0
2025-05-01 05:00:00+00:00,0.49997534289576373,s_000,cap_down,h_0,h_0
2025-05-01 05:15:00+00:00,0.49997534289576373,s_000,cap_down,h_0,h_0
2025-05-01 05:30:00+00:00,0.49997534289576373,s_000,cap_down,h_0,h_0
2025-05-01 05:45:00+00:00,0.49997534289576373,s_000,cap_down,h_0,h_0
2025-05-01 06:00:00+00:00,0.5674546358626799,s_000,cap_down,h_0,h_0
2025-05-01 06:15:00+00:00,0.5674546358626799,s_000,cap_down,h_0,h_0
2025-05-01 06:30:00+00:00,0.5674546358626799,s_000,cap_down,h_0,h_0
2025-05-01 06:45:00+00:00,0.5674546358626799,s_000,cap_down,h_0,h_0
2025-05-01 07:00:00+00:00,0.398674202008133,s_000,cap_down,h_0,h_0
2025-05-01 07:15:00+00:00,0.398674202008133,s_000,cap_down,h_0,h_0
2025-05-01 07:30:00+00:00,0.398674202008133,s_000,cap_down,h_0,h_0
2025-05-01 07:45:00+00:00,0.398674202008133,s_000,cap_down,h_0,h_0
2025-05-01 08:00:00+00:00,0.6058205890022759,s_000,cap_down,h_0,h_0
2025-05-01 08:15:00+00:00,0.6058205890022759,s_000,cap_down,h_0,h_0
2025-05-01 08:30:00+00:00,0.6058205890022759,s_000,cap_down,h_0,h_0
2025-05-01 08:45:00+00:00,0.6058205890022759,s_000,cap_down,h_0,h_0
2025-05-01 09:00:00+00:00,0.5393761502331722,s_000,cap_down,h_0,h_0
2025-05-01 09:15:00+00:00,0.5393761502331722,s_000,cap_down,h_0,h_0
2025-05-01 09:30:00+00:00,0.5393761502331722,s_000,cap_down,h_0,h_0
2025-05-01 09:45:00+00:00,0.5393761502331722,s_000,cap_down,h_0,h_0
2025-05-01 10:00:00+00:00,0.5239120924286974,s_000,cap_down,h_0,h_0
2025-05-01 10:15:00+00:00,0.5239120924286974,s_000,cap_down,h_0,h_0
2025-05-01 10:30:00+00:00,0.5239120924286974,s_000,cap_down,h_0,h_0
2025-05-01 10:45:00+00:00,0.5239120924286974,s_000,cap_down,h_0,h_0
2025-05-01 11:00:00+00:00,0.48751127197248234,s_000,cap_down,h_0,h_0
2025-05-01 11:15:00+00:00,0.48751127197248234,s_000,cap_down,h_0,h_0
2025-05-01 11:30:00+00:00,0.48751127197248234,s_000,cap_down,h_0,h_0
2025-05-01 11:45:00+00:00,0.48751127197248234,s_000,cap_down,h_0,h_0
2025-05-01 12:00:00+00:00,0.5242219551000813,s_000,cap_down,h_0,h_0
2025-05-01 12:15:00+00:00,0.5242219551000813,s_000,cap_down,h_0,h_0
2025-05-01 12:30:00+00:00,0.5242219551000813,s_000,cap_down,h_0,h_0
2025-05-01 12:45:00+00:00,0.5242219551000813,s_000,cap_down,h_0,h_0
2025-05-01 13:00:00+00:00,0.5347330116060603,s_000,cap_down,h_0,h_0
2025-05-01 13:15:00+00:00,0.5347330116060603,s_000,cap_down,h_0,h_0
2025-05-01 13:30:00+00:00,0.5347330116060603,s_000,cap_down,h_0,h_0
2025-05-01 13:45:00+00:00,0.5347330116060603,s_000,cap_down,h_0,h_0
2025-05-01 14:00:00+00:00,0.46828269693829117,s_000,cap_down,h_0,h_0
2025-05-01 14:15:00+00:00,0.46828269693829117,s_000,cap_down,h_0,h_0
2025-05-01 14:30:00+00:00,0.46828269693829117,s_000,cap_down,h_0,h_0
2025-05-01 14:45:00+00:00,0.46828269693829117,s_000,cap_down,h_0,h_0
2025-05-01 15:00:00+00:00,0.5475326228414833,s_000,cap_down,h_0,h_0
2025-05-01 15:15:00+00:00,0.5475326228414833,s_000,cap_down,h_0,h_0
2025-05-01 15:30:00+00:00,0.5475326228414833,s_000,cap_down,h_0,h_0
2025-05-01 15:45:00+00:00,0.5475326228414833,s_000,cap_down,h_0,h_0
2025-05-01 16:00:00+00:00,0.4514916695936965,s_000,cap_down,h_0,h_0
2025-05-01 16:15:00+00:00,0.4514916695936965,s_000,cap_down,h_0,h_0
2025-05-01 16:30:00+00:00,0.4514916695936965,s_000,cap_down,h_0,h_0
2025-05-01 16:45:00+00:00,0.4514916695936965,s_000,cap_down,h_0,h_0
2025-05-01 17:00:00+00:00,0.3720308055150497,s_000,cap_down,h_0,h_0
2025-05-01 17:15:00+00:00,0.3720308055150497,s_000,cap_down,h_0,h_0
2025-05-01 17:30:00+00:00,0.3720308055150497,s_000,cap_down,h_0,h_0
2025-05-01 17:45:00+00:00,0.3720308055150497,s_000,cap_down,h_0,h_0
2025-05-01 18:00:00+00:00,0.2846390710919589,s_000,cap_down,h_0,h_0
2025-05-01 18:15:00+00:00,0.2846390710919589,s_000,cap_down,h_0,h_0
2025-05-01 18:30:00+00:00,0.2846390710919589,s_000,cap_down,h_0,h_0
2025-05-01 18:45:00+00:00,0.2846390710919589,s_000,cap_down,h_0,h_0
2025-05-01 19:00:00+00:00,0.3325623787045061,s_000,cap_down,h_0,h_0
2025-05-01 19:15:00+00:00,0.3325623787045061,s_000,cap_down,h_0,h_0
2025-05-01 19:30:00+00:00,0.3325623787045061,s_000,cap_down,h_0,h_0
2025-05-01 19:45:00+00:00,0.3325623787045061,s_000,cap_down,h_0,h_0
2025-05-01 20:00:00+00:00,0.4155557889222949,s_000,cap_down,h_0,h_0
2025-05-01 20:15:00+00:00,0.4155557889222949,s_000,cap_down,h_0,h_0
2025-05-01 20:30:00+00:00,0.4155557889222949,s_000,cap_down,h_0,h_0
2025-05-01 20:45:00+00:00,0.4155557889222949,s_000,cap_down,h_0,h_0
2025-05-01 21:00:00+00:00,0.3264638096288471,s_000,cap_down,h_0,h_0
2025-05-01 21:15:00+00:00,0.3264638096288471,s_000,cap_down,h_0,h_0
2025-05-01 21:30:00+00:00,0.3264638096288471,s_000,cap_down,h_0,h_0
2025-05-01 21:45:00+00:00,0.3264638096288471,s_000,cap_down,h_0,h_0
2025-05-01 22:00:00+00:00,0.3264638096288471,s_000,cap_down,h_0,h_0
2025-05-01 22:15:00+00:00,0.3264638096288471,s_000,cap_down,h_0,h_0
2025-05-01 22:30:00+00:00,0.3264638096288471,s_000,cap_down,h_0,h_0
2025-05-01 22:45:00+00:00,0.3264638096288471,s_000,cap_down,h_0,h_0
2025-05-01 23:00:00+00:00,0.3264638096288471,s_000,cap_down,h_0,h_0
2025-05-01 23:15:00+00:00,0.3264638096288471,s_000,cap_down,h_0,h_0
2025-05-01 23:30:00+00:00,0.3264638096288471,s_000,cap_down,h_0,h_0
2025-05-01 23:45:00+00:00,0.3264638096288471,s_000,cap_down,h_0,h_0
2025-05-01 00:00:00+00:00,58.8699525,s_000,da,h_0,h_0
2025-05-01 00:15:00+00:00,58.8699525,s_000,da,h_0,h_0
2025-05-01 00:30:00+00:00,58.8699525,s_000,da,h_0,h_0
2025-05-01 00:45:00+00:00,58.8699525,s_000,da,h_0,h_0
2025-05-01 01:00:00+00:00,53.012647200000025,s_000,da,h_0,h_0
2025-05-01 01:15:00+00:00,53.012647200000025,s_000,da,h_0,h_0
2025-05-01 01:30:00+00:00,53.012647200000025,s_000,da,h_0,h_0
2025-05-01 01:45:00+00:00,53.012647200000025,s_000,da,h_0,h_0
2025-05-01 02:00:00+00:00,47.206177700000026,s_000,da,h_0,h_0
2025-05-01 02:15:00+00:00,47.206177700000026,s_000,da,h_0,h_0
2025-05-01 02:30:00+00:00,47.206177700000026,s_000,da,h_0,h_0
2025-05-01 02:45:00+00:00,47.206177700000026,s_000,da,h_0,h_0
2025-05-01 03:00:00+00:00,51.95255040000002,s_000,da,h_0,h_0
2025-05-01 03:15:00+00:00,51.95255040000002,s_000,da,h_0,h_0
2025-05-01 03:30:00+00:00,51.95255040000002,s_000,da,h_0,h_0
2025-05-01 03:45:00+00:00,51.95255040000002,s_000,da,h_0,h_0
2025-05-01 04:00:00+00:00,64.5826849,s_000,da,h_0,h_0
2025-05-01 04:15:00+00:00,64.5826849,s_000,da,h_0,h_0
2025-05-01 04:30:00+00:00,64.5826849,s_000,da,h_0,h_0
2025-05-01 04:45:00+00:00,64.5826849,s_000,da,h_0,h_0
2025-05-01 05:00:00+00:00,83.3801243,s_000,da,h_0,h_0
2025-05-01 05:15:00+00:00,83.3801243,s_000,da,h_0,h_0
2025-05-01 05:30:00+00:00,83.3801243,s_000,da,h_0,h_0
2025-05-01 05:45:00+00:00,83.3801243,s_000,da,h_0,h_0
2025-05-01 06:00:00+00:00,96.99905120000004,s_000,da,h_0,h_0
2025-05-01 06:15:00+00:00,96.99905120000004,s_000,da,h_0,h_0
2025-05-01 06:30:00+00:00,96.99905120000004,s_000,da,h_0,h_0
2025-05-01 06:45:00+00:00,96.99905120000004,s_000,da,h_0,h_0
2025-05-01 07:00:00+00:00,101.56291120000003,s_000,da,h_0,h_0
2025-05-01 07:15:00+00:00,101.56291120000003,s_000,da,h_0,h_0
2025-05-01 07:30:00+00:00,101.56291120000003,s_000,da,h_0,h_0
2025-05-01 07:45:00+00:00,101.56291120000003,s_000,da,h_0,h_0
2025-05-01 08:00:00+00:00,82.24745,s_000,da,h_0,h_0
2025-05-01 08:15:00+00:00,82.24745,s_000,da,h_0,h_0
2025-05-01 08:30:00+00:00,82.24745,s_000,da,h_0,h_0
2025-05-01 08:45:00+00:00,82.24745,s_000,da,h_0,h_0
2025-05-01 09:00:00+00:00,58.9347096,s_000,da,h_0,h_0
2025-05-01 09:15:00+00:00,58.9347096,s_000,da,h_0,h_0
2025-05-01 09:30:00+00:00,58.9347096,s_000,da,h_0,h_0
2025-05-01 09:45:00+00:00,58.9347096,s_000,da,h_0,h_0
2025-05-01 10:00:00+00:00,33.37037450000001,s_000,da,h_0,h_0
2025-05-01 10:15:00+00:00,33.37037450000001,s_000,da,h_0,h_0
2025-05-01 10:30:00+00:00,33.37037450000001,s_000,da,h_0,h_0
2025-05-01 10:45:00+00:00,33.37037450000001,s_000,da,h_0,h_0
2025-05-01 11:00:00+00:00,16.813348999999995,s_000,da,h_0,h_0
2025-05-01 11:15:00+00:00,16.813348999999995,s_000,da,h_0,h_0
2025-05-01 11:30:00+00:00,16.813348999999995,s_000,da,h_0,h_0
2025-05-01 11:45:00+00:00,16.813348999999995,s_000,da,h_0,h_0
2025-05-01 12:00:00+00:00,12.218329900000013,s_000,da,h_0,h_0
2025-05-01 12:15:00+00:00,12.218329900000013,s_000,da,h_0,h_0
2025-05-01 12:30:00+00:00,12.218329900000013,s_000,da,h_0,h_0
2025-05-01 12:45:00+00:00,12.218329900000013,s_000,da,h_0,h_0
2025-05-01 13:00:00+00:00,6.486599000000001,s_000,da,h_0,h_0
2025-05-01 13:15:00+00:00,6.486599000000001,s_000,da,h_0,h_0
2025-05-01 13:30:00+00:00,6.486599000000001,s_000,da,h_0,h_0
2025-05-01 13:45:00+00:00,6.486599000000001,s_000,da,h_0,h_0
2025-05-01 14:00:00+00:00,8.120702000000009,s_000,da,h_0,h_0
2025-05-01 14:15:00+00:00,8.120702000000009,s_000,da,h_0,h_0
2025-05-01 14:30:00+00:00,8.120702000000009,s_000,da,h_0,h_0
2025-05-01 14:45:00+00:00,8.120702000000009,s_000,da,h_0,h_0
2025-05-01 15:00:00+00:00,16.34544880000002,s_000,da,h_0,h_0
2025-05-01 15:15:00+00:00,16.34544880000002,s_000,da,h_0,h_0
2025-05-01 15:30:00+00:00,16.34544880000002,s_000,da,h_0,h_0
2025-05-01 15:45:00+00:00,16.34544880000002,s_000,da,h_0,h_0
2025-05-01 16:00:00+00:00,31.378892000000008,s_000,da,h_0,h_0
2025-05-01 16:15:00+00:00,31.378892000000008,s_000,da,h_0,h_0
2025-05-01 16:30:00+00:00,31.378892000000008,s_000,da,h_0,h_0
2025-05-01 16:45:00+00:00,31.378892000000008,s_000,da,h_0,h_0
2025-05-01 17:00:00+00:00,51.6510321000001,s_000,da,h_0,h_0
2025-05-01 17:15:00+00:00,51.6510321000001,s_000,da,h_0,h_0
2025-05-01 17:30:00+00:00,51.6510321000001,s_000,da,h_0,h_0
2025-05-01 17:45:00+00:00,51.6510321000001,s_000,da,h_0,h_0
2025-05-01 18:00:00+00:00,71.40275360000001,s_000,da,h_0,h_0
2025-05-01 18:15:00+00:00,71.40275360000001,s_000,da,h_0,h_0
2025-05-01 18:30:00+00:00,71.40275360000001,s_000,da,h_0,h_0
2025-05-01 18:45:00+00:00,71.40275360000001,s_000,da,h_0,h_0
2025-05-01 19:00:00+00:00,72.47617280000003,s_000,da,h_0,h_0
2025-05-01 19:15:00+00:00,72.47617280000003,s_000,da,h_0,h_0
2025-05-01 19:30:00+00:00,72.47617280000003,s_000,da,h_0,h_0
2025-05-01 19:45:00+00:00,72.47617280000003,s_000,da,h_0,h_0
2025-05-01 20:00:00+00:00,61.69984880000003,s_000,da,h_0,h_0
2025-05-01 20:15:00+00:00,61.69984880000003,s_000,da,h_0,h_0
2025-05-01 20:30:00+00:00,61.69984880000003,s_000,da,h_0,h_0
2025-05-01 20:45:00+00:00,61.69984880000003,s_000,da,h_0,h_0
2025-05-01 21:00:00+00:00,44.52872450000003,s_000,da,h_0,h_0
2025-05-01 21:15:00+00:00,44.52872450000003,s_000,da,h_0,h_0
2025-05-01 21:30:00+00:00,44.52872450000003,s_000,da,h_0,h_0
2025-05-01 21:45:00+00:00,44.52872450000003,s_000,da,h_0,h_0
2025-05-01 22:00:00+00:00,81.59252839999999,s_000,da,h_0,h_0
2025-05-01 22:15:00+00:00,81.59252839999999,s_000,da,h_0,h_0
2025-05-01 22:30:00+00:00,81.59252839999999,s_000,da,h_0,h_0
2025-05-01 22:45:00+00:00,81.59252839999999,s_000,da,h_0,h_0
2025-05-01 23:00:00+00:00,71.25913060000003,s_000,da,h_0,h_0
2025-05-01 23:15:00+00:00,71.25913060000003,s_000,da,h_0,h_0
2025-05-01 23:30:00+00:00,71.25913060000003,s_000,da,h_0,h_0
2025-05-01 23:45:00+00:00,71.25913060000003,s_000,da,h_0,h_0
2025-05-01 00:00:00+00:00,490.10080000000005,s_000,pic_up,h_0,h_0
2025-05-01 00:15:00+00:00,142.95080000000002,s_000,pic_up,h_0,h_0
2025-05-01 00:30:00+00:00,180.4308,s_000,pic_up,h_0,h_0
2025-05-01 00:45:00+00:00,91.0908,s_000,pic_up,h_0,h_0
2025-05-01 01:00:00+00:00,414.71420000000023,s_000,pic_up,h_0,h_0
2025-05-01 01:15:00+00:00,145.10820000000007,s_000,pic_up,h_0,h_0
2025-05-01 01:30:00+00:00,144.47220000000004,s_000,pic_up,h_0,h_0
2025-05-01 01:45:00+00:00,160.5322000000001,s_000,pic_up,h_0,h_0
2025-05-01 02:00:00+00:00,98.893,s_000,pic_up,h_0,h_0
2025-05-01 02:15:00+00:00,132.894,s_000,pic_up,h_0,h_0
2025-05-01 02:30:00+00:00,122.52699999999999,s_000,pic_up,h_0,h_0
2025-05-01 02:45:00+00:00,117.24199999999999,s_000,pic_up,h_0,h_0
2025-05-01 03:00:00+00:00,303.7983000000013,s_000,pic_up,h_0,h_0
2025-05-01 03:15:00+00:00,143.09230000000005,s_000,pic_up,h_0,h_0
2025-05-01 03:30:00+00:00,392.0403000000003,s_000,pic_up,h_0,h_0
2025-05-01 03:45:00+00:00,160.19230000000005,s_000,pic_up,h_0,h_0
2025-05-01 04:00:00+00:00,685.3940999999999,s_000,pic_up,h_0,h_0
2025-05-01 04:15:00+00:00,287.8811000000002,s_000,pic_up,h_0,h_0
2025-05-01 04:30:00+00:00,119.12310000000022,s_000,pic_up,h_0,h_0
2025-05-01 04:45:00+00:00,452.05510000000015,s_000,pic_up,h_0,h_0
2025-05-01 05:00:00+00:00,701.7748,s_000,pic_up,h_0,h_0
2025-05-01 05:15:00+00:00,682.8298,s_000,pic_up,h_0,h_0
2025-05-01 05:30:00+00:00,316.38480000000004,s_000,pic_up,h_0,h_0
2025-05-01 05:45:00+00:00,415.5348,s_000,pic_up,h_0,h_0
2025-05-01 06:00:00+00:00,672.7564000000001,s_000,pic_up,h_0,h_0
2025-05-01 06:15:00+00:00,572.9164000000003,s_000,pic_up,h_0,h_0
2025-05-01 06:30:00+00:00,406.2304000000001,s_000,pic_up,h_0,h_0
2025-05-01 06:45:00+00:00,251.90840000000003,s_000,pic_up,h_0,h_0
2025-05-01 07:00:00+00:00,646.6222999999999,s_000,pic_up,h_0,h_0
2025-05-01 07:15:00+00:00,676.4002999999999,s_000,pic_up,h_0,h_0
2025-05-01 07:30:00+00:00,643.3242999999999,s_000,pic_up,h_0,h_0
2025-05-01 07:45:00+00:00,298.2662999999998,s_000,pic_up,h_0,h_0
2025-05-01 08:00:00+00:00,475.06309999999985,s_000,pic_up,h_0,h_0
2025-05-01 08:15:00+00:00,505.9211,s_000,pic_up,h_0,h_0
2025-05-01 08:30:00+00:00,405.2530999999999,s_000,pic_up,h_0,h_0
2025-05-01 08:45:00+00:00,407.88509999999985,s_000,pic_up,h_0,h_0
2025-05-01 09:00:00+00:00,299.8670000000002,s_000,pic_up,h_0,h_0
2025-05-01 09:15:00+00:00,395.961,s_000,pic_up,h_0,h_0
2025-05-01 09:30:00+00:00,224.166,s_000,pic_up,h_0,h_0
2025-05-01 09:45:00+00:00,158.394,s_000,pic_up,h_0,h_0
2025-05-01 10:00:00+00:00,182.9909,s_000,pic_up,h_0,h_0
2025-05-01 10:15:00+00:00,210.40390000000005,s_000,pic_up,h_0,h_0
2025-05-01 10:30:00+00:00,129.55490000000006,s_000,pic_up,h_0,h_0
2025-05-01 10:45:00+00:00,89.33690000000001,s_000,pic_up,h_0,h_0
2025-05-01 11:00:00+00:00,130.79340000000016,s_000,pic_up,h_0,h_0
2025-05-01 11:15:00+00:00,112.3654,s_000,pic_up,h_0,h_0
2025-05-01 11:30:00+00:00,104.1024,s_000,pic_up,h_0,h_0
2025-05-01 11:45:00+00:00,86.80440000000004,s_000,pic_up,h_0,h_0
2025-05-01 12:00:00+00:00,82.56310000000003,s_000,pic_up,h_0,h_0
2025-05-01 12:15:00+00:00,82.89410000000008,s_000,pic_up,h_0,h_0
2025-05-01 12:30:00+00:00,82.02810000000005,s_000,pic_up,h_0,h_0
2025-05-01 12:45:00+00:00,95.81210000000003,s_000,pic_up,h_0,h_0
2025-05-01 13:00:00+00:00,66.69510000000001,s_000,pic_up,h_0,h_0
2025-05-01 13:15:00+00:00,112.78910000000013,s_000,pic_up,h_0,h_0
2025-05-01 13:30:00+00:00,101.87310000000004,s_000,pic_up,h_0,h_0
2025-05-01 13:45:00+00:00,98.21110000000003,s_000,pic_up,h_0,h_0
2025-05-01 14:00:00+00:00,231.77400000000046,s_000,pic_up,h_0,h_0
2025-05-01 14:15:00+00:00,213.94200000000035,s_000,pic_up,h_0,h_0
2025-05-01 14:30:00+00:00,146.4870000000001,s_000,pic_up,h_0,h_0
2025-05-01 14:45:00+00:00,193.3860000000003,s_000,pic_up,h_0,h_0
2025-05-01 15:00:00+00:00,473.51250000000005,s_000,pic_up,h_0,h_0
2025-05-01 15:15:00+00:00,475.38250000000005,s_000,pic_up,h_0,h_0
2025-05-01 15:30:00+00:00,594.7025,s_000,pic_up,h_0,h_0
2025-05-01 15:45:00+00:00,489.5405,s_000,pic_up,h_0,h_0
2025-05-01 16:00:00+00:00,426.27340000000015,s_000,pic_up,h_0,h_0
2025-05-01 16:15:00+00:00,599.2654,s_000,pic_up,h_0,h_0
2025-05-01 16:30:00+00:00,634.0663999999999,s_000,pic_up,h_0,h_0
2025-05-01 16:45:00+00:00,537.3364000000003,s_000,pic_up,h_0,h_0
2025-05-01 17:00:00+00:00,309.2216000000002,s_000,pic_up,h_0,h_0
2025-05-01 17:15:00+00:00,517.3256,s_000,pic_up,h_0,h_0
2025-05-01 17:30:00+00:00,471.7796000000003,s_000,pic_up,h_0,h_0
2025-05-01 17:45:00+00:00,281.0056000000001,s_000,pic_up,h_0,h_0
2025-05-01 18:00:00+00:00,402.44350000000014,s_000,pic_up,h_0,h_0
2025-05-01 18:15:00+00:00,477.58149999999995,s_000,pic_up,h_0,h_0
2025-05-01 18:30:00+00:00,302.9925000000004,s_000,pic_up,h_0,h_0
2025-05-01 18:45:00+00:00,289.62050000000005,s_000,pic_up,h_0,h_0
2025-05-01 19:00:00+00:00,573.5338,s_000,pic_up,h_0,h_0
2025-05-01 19:15:00+00:00,446.3438000000002,s_000,pic_up,h_0,h_0
2025-05-01 19:30:00+00:00,186.08980000000003,s_000,pic_up,h_0,h_0
2025-05-01 19:45:00+00:00,138.9058,s_000,pic_up,h_0,h_0
2025-05-01 20:00:00+00:00,570.4408999999999,s_000,pic_up,h_0,h_0
2025-05-01 20:15:00+00:00,421.5709000000001,s_000,pic_up,h_0,h_0
2025-05-01 20:30:00+00:00,523.7089000000001,s_000,pic_up,h_0,h_0
2025-05-01 20:45:00+00:00,217.4629000000001,s_000,pic_up,h_0,h_0
2025-05-01 21:00:00+00:00,508.55029999999994,s_000,pic_up,h_0,h_0
2025-05-01 21:15:00+00:00,233.27530000000002,s_000,pic_up,h_0,h_0
2025-05-01 21:30:00+00:00,436.18030000000005,s_000,pic_up,h_0,h_0
2025-05-01 21:45:00+00:00,310.8553,s_000,pic_up,h_0,h_0
2025-05-01 22:00:00+00:00,545.7883,s_000,pic_up,h_0,h_0
2025-05-01 22:15:00+00:00,249.04130000000015,s_000,pic_up,h_0,h_0
2025-05-01 22:30:00+00:00,180.2743000000001,s_000,pic_up,h_0,h_0
2025-05-01 22:45:00+00:00,115.4393,s_000,pic_up,h_0,h_0
2025-05-01 23:00:00+00:00,455.88410000000005,s_000,pic_up,h_0,h_0
2025-05-01 23:15:00+00:00,211.3641,s_000,pic_up,h_0,h_0
2025-05-01 23:30:00+00:00,178.0591,s_000,pic_up,h_0,h_0
2025-05-01 23:45:00+00:00,152.3991,s_000,pic_up,h_0,h_0
2025-05-01 00:00:00+00:00,37.012883434154176,s_000,pic_down,h_0,h_0
2025-05-01 00:15:00+00:00,69.10072391820967,s_000,pic_down,h_0,h_0
2025-05-01 00:30:00+00:00,-15000.0,s_000,pic_down,h_0,h_0
2025-05-01 00:45:00+00:00,-15000.0,s_000,pic_down,h_0,h_0
2025-05-01 01:00:00+00:00,76.37133768548003,s_000,pic_down,h_0,h_0
2025-05-01 01:15:00+00:00,66.84589072835138,s_000,pic_down,h_0,h_0
2025-05-01 01:30:00+00:00,-15000.0,s_000,pic_down,h_0,h_0
2025-05-01 01:45:00+00:00,70.68902688845519,s_000,pic_down,h_0,h_0
2025-05-01 02:00:00+00:00,58.53870653067628,s_000,pic_down,h_0,h_0
2025-05-01 02:15:00+00:00,28.45904446291468,s_000,pic_down,h_0,h_0
2025-05-01 02:30:00+00:00,46.509187191464825,s_000,pic_down,h_0,h_0
2025-05-01 02:45:00+00:00,62.26291732370322,s_000,pic_down,h_0,h_0
2025-05-01 03:00:00+00:00,77.05965004250412,s_000,pic_down,h_0,h_0
2025-05-01 03:15:00+00:00,-15000.0,s_000,pic_down,h_0,h_0
2025-05-01 03:30:00+00:00,49.93413071416339,s_000,pic_down,h_0,h_0
2025-05-01 03:45:00+00:00,50.832944855908515,s_000,pic_down,h_0,h_0
2025-05-01 04:00:00+00:00,35.76498724079081,s_000,pic_down,h_0,h_0
2025-05-01 04:15:00+00:00,89.75033214655836,s_000,pic_down,h_0,h_0
2025-05-01 04:30:00+00:00,31.984648326437437,s_000,pic_down,h_0,h_0
2025-05-01 04:45:00+00:00,14.392188047209412,s_000,pic_down,h_0,h_0
2025-05-01 05:00:00+00:00,-15000.0,s_000,pic_down,h_0,h_0
2025-05-01 05:15:00+00:00,41.76477222629981,s_000,pic_down,h_0,h_0
2025-05-01 05:30:00+00:00,41.33643900131975,s_000,pic_down,h_0,h_0
2025-05-01 05:45:00+00:00,-15000.0,s_000,pic_down,h_0,h_0
2025-05-01 06:00:00+00:00,18.002417170914022,s_000,pic_down,h_0,h_0
2025-05-01 06:15:00+00:00,3.484740862365207,s_000,pic_down,h_0,h_0
2025-05-01 06:30:00+00:00,33.331666624761226,s_000,pic_down,h_0,h_0
2025-05-01 06:45:00+00:00,50.25664187204751,s_000,pic_down,h_0,h_0
2025-05-01 07:00:00+00:00,-24.578663253751614,s_000,pic_down,h_0,h_0
2025-05-01 07:15:00+00:00,18.200230436151003,s_000,pic_down,h_0,h_0
2025-05-01 07:30:00+00:00,-125.41086378589685,s_000,pic_down,h_0,h_0
2025-05-01 07:45:00+00:00,23.811270257095707,s_000,pic_down,h_0,h_0
2025-05-01 08:00:00+00:00,25.388165218941875,s_000,pic_down,h_0,h_0
2025-05-01 08:15:00+00:00,5.268310141900683,s_000,pic_down,h_0,h_0
2025-05-01 08:30:00+00:00,22.82740944548153,s_000,pic_down,h_0,h_0
2025-05-01 08:45:00+00:00,33.69572086857272,s_000,pic_down,h_0,h_0
2025-05-01 09:00:00+00:00,6.517654176734254,s_000,pic_down,h_0,h_0
2025-05-01 09:15:00+00:00,0.6843995316920903,s_000,pic_down,h_0,h_0
2025-05-01 09:30:00+00:00,12.962765556131203,s_000,pic_down,h_0,h_0
2025-05-01 09:45:00+00:00,23.173499245654853,s_000,pic_down,h_0,h_0
2025-05-01 10:00:00+00:00,32.50883365242055,s_000,pic_down,h_0,h_0
2025-05-01 10:15:00+00:00,0.2594347307224272,s_000,pic_down,h_0,h_0
2025-05-01 10:30:00+00:00,38.748659807596376,s_000,pic_down,h_0,h_0
2025-05-01 10:45:00+00:00,-17.64408794528962,s_000,pic_down,h_0,h_0
2025-05-01 11:00:00+00:00,0.919517662220553,s_000,pic_down,h_0,h_0
2025-05-01 11:15:00+00:00,15.52006572245254,s_000,pic_down,h_0,h_0
2025-05-01 11:30:00+00:00,1.3861826083618976,s_000,pic_down,h_0,h_0
2025-05-01 11:45:00+00:00,7.442310599424425,s_000,pic_down,h_0,h_0
2025-05-01 12:00:00+00:00,-1.2627511984138557,s_000,pic_down,h_0,h_0
2025-05-01 12:15:00+00:00,21.47398325727123,s_000,pic_down,h_0,h_0
2025-05-01 12:30:00+00:00,5.771188596199586,s_000,pic_down,h_0,h_0
2025-05-01 12:45:00+00:00,19.898929128217983,s_000,pic_down,h_0,h_0
2025-05-01 13:00:00+00:00,19.212927723835264,s_000,pic_down,h_0,h_0
2025-05-01 13:15:00+00:00,41.41935625213588,s_000,pic_down,h_0,h_0
2025-05-01 13:30:00+00:00,-34.181309617920036,s_000,pic_down,h_0,h_0
2025-05-01 13:45:00+00:00,42.31224734496509,s_000,pic_down,h_0,h_0
2025-05-01 14:00:00+00:00,-23.802844192431195,s_000,pic_down,h_0,h_0
2025-05-01 14:15:00+00:00,47.775467638695616,s_000,pic_down,h_0,h_0
2025-05-01 14:30:00+00:00,18.84550915512313,s_000,pic_down,h_0,h_0
2025-05-01 14:45:00+00:00,64.37006503026743,s_000,pic_down,h_0,h_0
2025-05-01 15:00:00+00:00,-63.205172603501694,s_000,pic_down,h_0,h_0
2025-05-01 15:15:00+00:00,-14.458437868373263,s_000,pic_down,h_0,h_0
2025-05-01 15:30:00+00:00,-15000.0,s_000,pic_down,h_0,h_0
2025-05-01 15:45:00+00:00,24.091635005812247,s_000,pic_down,h_0,h_0
2025-05-01 16:00:00+00:00,-7.268996550447471,s_000,pic_down,h_0,h_0
2025-05-01 16:15:00+00:00,-17.817150914467273,s_000,pic_down,h_0,h_0
2025-05-01 16:30:00+00:00,22.219350569862744,s_000,pic_down,h_0,h_0
2025-05-01 16:45:00+00:00,37.4017549218418,s_000,pic_down,h_0,h_0
2025-05-01 17:00:00+00:00,54.417560776377286,s_000,pic_down,h_0,h_0
2025-05-01 17:15:00+00:00,13.609444373940086,s_000,pic_down,h_0,h_0
2025-05-01 17:30:00+00:00,-15000.0,s_000,pic_down,h_0,h_0
2025-05-01 17:45:00+00:00,-15000.0,s_000,pic_down,h_0,h_0
2025-05-01 18:00:00+00:00,-15000.0,s_000,pic_down,h_0,h_0
2025-05-01 18:15:00+00:00,-15000.0,s_000,pic_down,h_0,h_0
2025-05-01 18:30:00+00:00,-15000.0,s_000,pic_down,h_0,h_0
2025-05-01 18:45:00+00:00,36.23739515898692,s_000,pic_down,h_0,h_0
2025-05-01 19:00:00+00:00,21.136549683557913,s_000,pic_down,h_0,h_0
2025-05-01 19:15:00+00:00,51.24718227575532,s_000,pic_down,h_0,h_0
2025-05-01 19:30:00+00:00,41.49508625464203,s_000,pic_down,h_0,h_0
2025-05-01 19:45:00+00:00,81.94051564111201,s_000,pic_down,h_0,h_0
2025-05-01 20:00:00+00:00,20.210462151018913,s_000,pic_down,h_0,h_0
2025-05-01 20:15:00+00:00,-8.281221995459937,s_000,pic_down,h_0,h_0
2025-05-01 20:30:00+00:00,35.23825990533752,s_000,pic_down,h_0,h_0
2025-05-01 20:45:00+00:00,45.99096666832159,s_000,pic_down,h_0,h_0
2025-05-01 21:00:00+00:00,71.72520364358678,s_000,pic_down,h_0,h_0
2025-05-01 21:15:00+00:00,47.58181460959094,s_000,pic_down,h_0,h_0
2025-05-01 21:30:00+00:00,47.66821112074323,s_000,pic_down,h_0,h_0
2025-05-01 21:45:00+00:00,19.437202671973978,s_000,pic_down,h_0,h_0
2025-05-01 22:00:00+00:00,75.02977630484222,s_000,pic_down,h_0,h_0
2025-05-01 22:15:00+00:00,89.53510742678478,s_000,pic_down,h_0,h_0
2025-05-01 22:30:00+00:00,55.35416927180625,s_000,pic_down,h_0,h_0
2025-05-01 22:45:00+00:00,1.4400236482581446,s_000,pic_down,h_0,h_0
2025-05-01 23:00:00+00:00,90.14858560363328,s_000,pic_down,h_0,h_0
2025-05-01 23:15:00+00:00,-10.900515030786686,s_000,pic_down,h_0,h_0
2025-05-01 23:30:00+00:00,53.61436605822446,s_000,pic_down,h_0,h_0
2025-05-01 23:45:00+00:00,43.509753089895185,s_000,pic_down,h_0,h_0
2025-05-01 00:00:00+00:00,48.78915831154313,s_001,cap_up,h_1,h_1
2025-05-01 00:15:00+00:00,48.78915831154313,s_001,cap_up,h_1,h_1
2025-05-01 00:30:00+00:00,48.78915831154313,s_001,cap_up,h_1,h_1
2025-05-01 00:45:00+00:00,48.78915831154313,s_001,cap_up,h_1,h_1
2025-05-01 01:00:00+00:00,54.490766180521504,s_001,cap_up,h_1,h_1
2025-05-01 01:15:00+00:00,54.490766180521504,s_001,cap_up,h_1,h_1
2025-05-01 01:30:00+00:00,54.490766180521504,s_001,cap_up,h_1,h_1
2025-05-01 01:45:00+00:00,54.490766180521504,s_001,cap_up,h_1,h_1
2025-05-01 02:00:00+00:00,58.3062415704798,s_001,cap_up,h_1,h_1
2025-05-01 02:15:00+00:00,58.3062415704798,s_001,cap_up,h_1,h_1
2025-05-01 02:30:00+00:00,58.3062415704798,s_001,cap_up,h_1,h_1
2025-05-01 02:45:00+00:00,58.3062415704798,s_001,cap_up,h_1,h_1
2025-05-01 03:00:00+00:00,62.27470399786348,s_001,cap_up,h_1,h_1
2025-05-01 03:15:00+00:00,62.27470399786348,s_001,cap_up,h_1,h_1
2025-05-01 03:30:00+00:00,62.27470399786348,s_001,cap_up,h_1,h_1
2025-05-01 03:45:00+00:00,62.27470399786348,s_001,cap_up,h_1,h_1
2025-05-01 04:00:00+00:00,70.11095608540941,s_001,cap_up,h_1,h_1
2025-05-01 04:15:00+00:00,70.11095608540941,s_001,cap_up,h_1,h_1
2025-05-01 04:30:00+00:00,70.11095608540941,s_001,cap_up,h_1,h_1
2025-05-01 04:45:00+00:00,70.11095608540941,s_001,cap_up,h_1,h_1
2025-05-01 05:00:00+00:00,70.58283861252049,s_001,cap_up,h_1,h_1
2025-05-01 05:15:00+00:00,70.58283861252049,s_001,cap_up,h_1,h_1
2025-05-01 05:30:00+00:00,70.58283861252049,s_001,cap_up,h_1,h_1
2025-05-01 05:45:00+00:00,70.58283861252049,s_001,cap_up,h_1,h_1
2025-05-01 06:00:00+00:00,67.89631002913008,s_001,cap_up,h_1,h_1
2025-05-01 06:15:00+00:00,67.89631002913008,s_001,cap_up,h_1,h_1
2025-05-01 06:30:00+00:00,67.89631002913008,s_001,cap_up,h_1,h_1
2025-05-01 06:45:00+00:00,67.89631002913008,s_001,cap_up,h_1,h_1
2025-05-01 07:00:00+00:00,62.63884716572514,s_001,cap_up,h_1,h_1
2025-05-01 07:15:00+00:00,62.63884716572514,s_001,cap_up,h_1,h_1
2025-05-01 07:30:00+00:00,62.63884716572514,s_001,cap_up,h_1,h_1
2025-05-01 07:45:00+00:00,62.63884716572514,s_001,cap_up,h_1,h_1
2025-05-01 08:00:00+00:00,51.04590748466181,s_001,cap_up,h_1,h_1
2025-05-01 08:15:00+00:00,51.04590748466181,s_001,cap_up,h_1,h_1
2025-05-01 08:30:00+00:00,51.04590748466181,s_001,cap_up,h_1,h_1
2025-05-01 08:45:00+00:00,51.04590748466181,s_001,cap_up,h_1,h_1
2025-05-01 09:00:00+00:00,41.79944384342107,s_001,cap_up,h_1,h_1
2025-05-01 09:15:00+00:00,41.79944384342107,s_001,cap_up,h_1,h_1
2025-05-01 09:30:00+00:00,41.79944384342107,s_001,cap_up,h_1,h_1
2025-05-01 09:45:00+00:00,41.79944384342107,s_001,cap_up,h_1,h_1
2025-05-01 10:00:00+00:00,30.829765865262086,s_001,cap_up,h_1,h_1
2025-05-01 10:15:00+00:00,30.829765865262086,s_001,cap_up,h_1,h_1
2025-05-01 10:30:00+00:00,30.829765865262086,s_001,cap_up,h_1,h_1
2025-05-01 10:45:00+00:00,30.829765865262086,s_001,cap_up,h_1,h_1
2025-05-01 11:00:00+00:00,28.175744031820578,s_001,cap_up,h_1,h_1
2025-05-01 11:15:00+00:00,28.175744031820578,s_001,cap_up,h_1,h_1
2025-05-01 11:30:00+00:00,28.175744031820578,s_001,cap_up,h_1,h_1
2025-05-01 11:45:00+00:00,28.175744031820578,s_001,cap_up,h_1,h_1
2025-05-01 12:00:00+00:00,36.69966217859386,s_001,cap_up,h_1,h_1
2025-05-01 12:15:00+00:00,36.69966217859386,s_001,cap_up,h_1,h_1
2025-05-01 12:30:00+00:00,36.69966217859386,s_001,cap_up,h_1,h_1
2025-05-01 12:45:00+00:00,36.69966217859386,s_001,cap_up,h_1,h_1
2025-05-01 13:00:00+00:00,44.692508546560106,s_001,cap_up,h_1,h_1
2025-05-01 13:15:00+00:00,44.692508546560106,s_001,cap_up,h_1,h_1
2025-05-01 13:30:00+00:00,44.692508546560106,s_001,cap_up,h_1,h_1
2025-05-01 13:45:00+00:00,44.692508546560106,s_001,cap_up,h_1,h_1
2025-05-01 14:00:00+00:00,53.605025900890936,s_001,cap_up,h_1,h_1
2025-05-01 14:15:00+00:00,53.605025900890936,s_001,cap_up,h_1,h_1
2025-05-01 14:30:00+00:00,53.605025900890936,s_001,cap_up,h_1,h_1
2025-05-01 14:45:00+00:00,53.605025900890936,s_001,cap_up,h_1,h_1
2025-05-01 15:00:00+00:00,61.091482886265,s_001,cap_up,h_1,h_1
2025-05-01 15:15:00+00:00,61.091482886265,s_001,cap_up,h_1,h_1
2025-05-01 15:30:00+00:00,61.091482886265,s_001,cap_up,h_1,h_1
2025-05-01 15:45:00+00:00,61.091482886265,s_001,cap_up,h_1,h_1
2025-05-01 16:00:00+00:00,66.29668759990346,s_001,cap_up,h_1,h_1
2025-05-01 16:15:00+00:00,66.29668759990346,s_001,cap_up,h_1,h_1
2025-05-01 16:30:00+00:00,66.29668759990346,s_001,cap_up,h_1,h_1
2025-05-01 16:45:00+00:00,66.29668759990346,s_001,cap_up,h_1,h_1
2025-05-01 17:00:00+00:00,73.22902190052193,s_001,cap_up,h_1,h_1
2025-05-01 17:15:00+00:00,73.22902190052193,s_001,cap_up,h_1,h_1
2025-05-01 17:30:00+00:00,73.22902190052193,s_001,cap_up,h_1,h_1
2025-05-01 17:45:00+00:00,73.22902190052193,s_001,cap_up,h_1,h_1
2025-05-01 18:00:00+00:00,73.7504087137136,s_001,cap_up,h_1,h_1
2025-05-01 18:15:00+00:00,73.7504087137136,s_001,cap_up,h_1,h_1
2025-05-01 18:30:00+00:00,73.7504087137136,s_001,cap_up,h_1,h_1
2025-05-01 18:45:00+00:00,73.7504087137136,s_001,cap_up,h_1,h_1
2025-05-01 19:00:00+00:00,71.32335551545978,s_001,cap_up,h_1,h_1
2025-05-01 19:15:00+00:00,71.32335551545978,s_001,cap_up,h_1,h_1
2025-05-01 19:30:00+00:00,71.32335551545978,s_001,cap_up,h_1,h_1
2025-05-01 19:45:00+00:00,71.32335551545978,s_001,cap_up,h_1,h_1
2025-05-01 20:00:00+00:00,61.51413133349237,s_001,cap_up,h_1,h_1
2025-05-01 20:15:00+00:00,61.51413133349237,s_001,cap_up,h_1,h_1
2025-05-01 20:30:00+00:00,61.51413133349237,s_001,cap_up,h_1,h_1
2025-05-01 20:45:00+00:00,61.51413133349237,s_001,cap_up,h_1,h_1
2025-05-01 21:00:00+00:00,56.25362608879789,s_001,cap_up,h_1,h_1
2025-05-01 21:15:00+00:00,56.25362608879789,s_001,cap_up,h_1,h_1
2025-05-01 21:30:00+00:00,56.25362608879789,s_001,cap_up,h_1,h_1
2025-05-01 21:45:00+00:00,56.25362608879789,s_001,cap_up,h_1,h_1
2025-05-01 22:00:00+00:00,50.043640885420245,s_001,cap_up,h_1,h_1
2025-05-01 22:15:00+00:00,50.043640885420245,s_001,cap_up,h_1,h_1
2025-05-01 22:30:00+00:00,50.043640885420245,s_001,cap_up,h_1,h_1
2025-05-01 22:45:00+00:00,50.043640885420245,s_001,cap_up,h_1,h_1
2025-05-01 23:00:00+00:00,43.26056718707386,s_001,cap_up,h_1,h_1
2025-05-01 23:15:00+00:00,43.26056718707386,s_001,cap_up,h_1,h_1
2025-05-01 23:30:00+00:00,43.26056718707386,s_001,cap_up,h_1,h_1
2025-05-01 23:45:00+00:00,43.26056718707386,s_001,cap_up,h_1,h_1
2025-05-01 00:00:00+00:00,0.3630779225989301,s_001,cap_down,h_1,h_1
2025-05-01 00:15:00+00:00,0.3630779225989301,s_001,cap_down,h_1,h_1
2025-05-01 00:30:00+00:00,0.3630779225989301,s_001,cap_down,h_1,h_1
2025-05-01 00:45:00+00:00,0.3630779225989301,s_001,cap_down,h_1,h_1
2025-05-01 01:00:00+00:00,0.38777978154393833,s_001,cap_down,h_1,h_1
2025-05-01 01:15:00+00:00,0.38777978154393833,s_001,cap_down,h_1,h_1
2025-05-01 01:30:00+00:00,0.38777978154393833,s_001,cap_down,h_1,h_1
2025-05-01 01:45:00+00:00,0.38777978154393833,s_001,cap_down,h_1,h_1
2025-05-01 02:00:00+00:00,0.40424792140824706,s_001,cap_down,h_1,h_1
2025-05-01 02:15:00+00:00,0.40424792140824706,s_001,cap_down,h_1,h_1
2025-05-01 02:30:00+00:00,0.40424792140824706,s_001,cap_down,h_1,h_1
2025-05-01 02:45:00+00:00,0.40424792140824706,s_001,cap_down,h_1,h_1
2025-05-01 03:00:00+00:00,0.39817191279049796,s_001,cap_down,h_1,h_1
2025-05-01 03:15:00+00:00,0.39817191279049796,s_001,cap_down,h_1,h_1
2025-05-01 03:30:00+00:00,0.39817191279049796,s_001,cap_down,h_1,h_1
2025-05-01 03:45:00+00:00,0.39817191279049796,s_001,cap_down,h_1,h_1
2025-05-01 04:00:00+00:00,0.46208183422308313,s_001,cap_down,h_1,h_1
2025-05-01 04:15:00+00:00,0.46208183422308313,s_001,cap_down,h_1,h_1
2025-05-01 04:30:00+00:00,0.46208183422308313,s_001,cap_down,h_1,h_1
2025-05-01 04:45:00+00:00,0.46208183422308313,s_001,cap_down,h_1,h_1
2025-05-01 05:00:00+00:00,0.4217542077638382,s_001,cap_down,h_1,h_1
2025-05-01 05:15:00+00:00,0.4217542077638382,s_001,cap_down,h_1,h_1
2025-05-01 05:30:00+00:00,0.4217542077638382,s_001,cap_down,h_1,h_1
2025-05-01 05:45:00+00:00,0.4217542077638382,s_001,cap_down,h_1,h_1
2025-05-01 06:00:00+00:00,0.4120682179376517,s_001,cap_down,h_1,h_1
2025-05-01 06:15:00+00:00,0.4120682179376517,s_001,cap_down,h_1,h_1
2025-05-01 06:30:00+00:00,0.4120682179376517,s_001,cap_down,h_1,h_1
2025-05-01 06:45:00+00:00,0.4120682179376517,s_001,cap_down,h_1,h_1
2025-05-01 07:00:00+00:00,0.3959941685763927,s_001,cap_down,h_1,h_1
2025-05-01 07:15:00+00:00,0.3959941685763927,s_001,cap_down,h_1,h_1
2025-05-01 07:30:00+00:00,0.3959941685763927,s_001,cap_down,h_1,h_1
2025-05-01 07:45:00+00:00,0.3959941685763927,s_001,cap_down,h_1,h_1
2025-05-01 08:00:00+00:00,0.519924395491516,s_001,cap_down,h_1,h_1
2025-05-01 08:15:00+00:00,0.519924395491516,s_001,cap_down,h_1,h_1
2025-05-01 08:30:00+00:00,0.519924395491516,s_001,cap_down,h_1,h_1
2025-05-01 08:45:00+00:00,0.519924395491516,s_001,cap_down,h_1,h_1
2025-05-01 09:00:00+00:00,0.47778429606003536,s_001,cap_down,h_1,h_1
2025-05-01 09:15:00+00:00,0.47778429606003536,s_001,cap_down,h_1,h_1
2025-05-01 09:30:00+00:00,0.47778429606003536,s_001,cap_down,h_1,h_1
2025-05-01 09:45:00+00:00,0.47778429606003536,s_001,cap_down,h_1,h_1
2025-05-01 10:00:00+00:00,0.4913184867159406,s_001,cap_down,h_1,h_1
2025-05-01 10:15:00+00:00,0.4913184867159406,s_001,cap_down,h_1,h_1
2025-05-01 10:30:00+00:00,0.4913184867159406,s_001,cap_down,h_1,h_1
2025-05-01 10:45:00+00:00,0.4913184867159406,s_001,cap_down,h_1,h_1
2025-05-01 11:00:00+00:00,0.5323416208793292,s_001,cap_down,h_1,h_1
2025-05-01 11:15:00+00:00,0.5323416208793292,s_001,cap_down,h_1,h_1
2025-05-01 11:30:00+00:00,0.5323416208793292,s_001,cap_down,h_1,h_1
2025-05-01 11:45:00+00:00,0.5323416208793292,s_001,cap_down,h_1,h_1
2025-05-01 12:00:00+00:00,0.5130991616388171,s_001,cap_down,h_1,h_1
2025-05-01 12:15:00+00:00,0.5130991616388171,s_001,cap_down,h_1,h_1
2025-05-01 12:30:00+00:00,0.5130991616388171,s_001,cap_down,h_1,h_1
2025-05-01 12:45:00+00:00,0.5130991616388171,s_001,cap_down,h_1,h_1
2025-05-01 13:00:00+00:00,0.6725054890656078,s_001,cap_down,h_1,h_1
2025-05-01 13:15:00+00:00,0.6725054890656078,s_001,cap_down,h_1,h_1
2025-05-01 13:30:00+00:00,0.6725054890656078,s_001,cap_down,h_1,h_1
2025-05-01 13:45:00+00:00,0.6725054890656078,s_001,cap_down,h_1,h_1
2025-05-01 14:00:00+00:00,0.4864653389505039,s_001,cap_down,h_1,h_1
2025-05-01 14:15:00+00:00,0.4864653389505039,s_001,cap_down,h_1,h_1
2025-05-01 14:30:00+00:00,0.4864653389505039,s_001,cap_down,h_1,h_1
2025-05-01 14:45:00+00:00,0.4864653389505039,s_001,cap_down,h_1,h_1
2025-05-01 15:00:00+00:00,0.4637909832525914,s_001,cap_down,h_1,h_1
2025-05-01 15:15:00+00:00,0.4637909832525914,s_001,cap_down,h_1,h_1
2025-05-01 15:30:00+00:00,0.4637909832525914,s_001,cap_down,h_1,h_1
2025-05-01 15:45:00+00:00,0.4637909832525914,s_001,cap_down,h_1,h_1
2025-05-01 16:00:00+00:00,0.3554360197514373,s_001,cap_down,h_1,h_1
2025-05-01 16:15:00+00:00,0.3554360197514373,s_001,cap_down,h_1,h_1
2025-05-01 16:30:00+00:00,0.3554360197514373,s_001,cap_down,h_1,h_1
2025-05-01 16:45:00+00:00,0.3554360197514373,s_001,cap_down,h_1,h_1
2025-05-01 17:00:00+00:00,0.41729097016973565,s_001,cap_down,h_1,h_1
2025-05-01 17:15:00+00:00,0.41729097016973565,s_001,cap_down,h_1,h_1
2025-05-01 17:30:00+00:00,0.41729097016973565,s_001,cap_down,h_1,h_1
2025-05-01 17:45:00+00:00,0.41729097016973565,s_001,cap_down,h_1,h_1
2025-05-01 18:00:00+00:00,0.31128838522223795,s_001,cap_down,h_1,h_1
2025-05-01 18:15:00+00:00,0.31128838522223795,s_001,cap_down,h_1,h_1
2025-05-01 18:30:00+00:00,0.31128838522223795,s_001,cap_down,h_1,h_1
2025-05-01 18:45:00+00:00,0.31128838522223795,s_001,cap_down,h_1,h_1
2025-05-01 19:00:00+00:00,0.3807183530120151,s_001,cap_down,h_1,h_1
2025-05-01 19:15:00+00:00,0.3807183530120151,s_001,cap_down,h_1,h_1
2025-05-01 19:30:00+00:00,0.3807183530120151,s_001,cap_down,h_1,h_1
2025-05-01 19:45:00+00:00,0.3807183530120151,s_001,cap_down,h_1,h_1
2025-05-01 20:00:00+00:00,0.3817246707346377,s_001,cap_down,h_1,h_1
2025-05-01 20:15:00+00:00,0.3817246707346377,s_001,cap_down,h_1,h_1
2025-05-01 20:30:00+00:00,0.3817246707346377,s_001,cap_down,h_1,h_1
2025-05-01 20:45:00+00:00,0.3817246707346377,s_001,cap_down,h_1,h_1
2025-05-01 21:00:00+00:00,0.3372400148669307,s_001,cap_down,h_1,h_1
2025-05-01 21:15:00+00:00,0.3372400148669307,s_001,cap_down,h_1,h_1
2025-05-01 21:30:00+00:00,0.3372400148669307,s_001,cap_down,h_1,h_1
2025-05-01 21:45:00+00:00,0.3372400148669307,s_001,cap_down,h_1,h_1
2025-05-01 22:00:00+00:00,0.3372400148669307,s_001,cap_down,h_1,h_1
2025-05-01 22:15:00+00:00,0.3372400148669307,s_001,cap_down,h_1,h_1
2025-05-01 22:30:00+00:00,0.3372400148669307,s_001,cap_down,h_1,h_1
2025-05-01 22:45:00+00:00,0.3372400148669307,s_001,cap_down,h_1,h_1
2025-05-01 23:00:00+00:00,0.3372400148669307,s_001,cap_down,h_1,h_1
2025-05-01 23:15:00+00:00,0.3372400148669307,s_001,cap_down,h_1,h_1
2025-05-01 23:30:00+00:00,0.3372400148669307,s_001,cap_down,h_1,h_1
2025-05-01 23:45:00+00:00,0.3372400148669307,s_001,cap_down,h_1,h_1
2025-05-01 00:00:00+00:00,57.38758020000001,s_001,da,h_1,h_1
2025-05-01 00:15:00+00:00,57.38758020000001,s_001,da,h_1,h_1
2025-05-01 00:30:00+00:00,57.38758020000001,s_001,da,h_1,h_1
2025-05-01 00:45:00+00:00,57.38758020000001,s_001,da,h_1,h_1
2025-05-01 01:00:00+00:00,51.35028860000001,s_001,da,h_1,h_1
2025-05-01 01:15:00+00:00,51.35028860000001,s_001,da,h_1,h_1
2025-05-01 01:30:00+00:00,51.35028860000001,s_001,da,h_1,h_1
2025-05-01 01:45:00+00:00,51.35028860000001,s_001,da,h_1,h_1
2025-05-01 02:00:00+00:00,46.52361960000002,s_001,da,h_1,h_1
2025-05-01 02:15:00+00:00,46.52361960000002,s_001,da,h_1,h_1
2025-05-01 02:30:00+00:00,46.52361960000002,s_001,da,h_1,h_1
2025-05-01 02:45:00+00:00,46.52361960000002,s_001,da,h_1,h_1
2025-05-01 03:00:00+00:00,51.49747770000002,s_001,da,h_1,h_1
2025-05-01 03:15:00+00:00,51.49747770000002,s_001,da,h_1,h_1
2025-05-01 03:30:00+00:00,51.49747770000002,s_001,da,h_1,h_1
2025-05-01 03:45:00+00:00,51.49747770000002,s_001,da,h_1,h_1
2025-05-01 04:00:00+00:00,61.67675120000004,s_001,da,h_1,h_1
2025-05-01 04:15:00+00:00,61.67675120000004,s_001,da,h_1,h_1
2025-05-01 04:30:00+00:00,61.67675120000004,s_001,da,h_1,h_1
2025-05-01 04:45:00+00:00,61.67675120000004,s_001,da,h_1,h_1
2025-05-01 05:00:00+00:00,82.24453040000004,s_001,da,h_1,h_1
2025-05-01 05:15:00+00:00,82.24453040000004,s_001,da,h_1,h_1
2025-05-01 05:30:00+00:00,82.24453040000004,s_001,da,h_1,h_1
2025-05-01 05:45:00+00:00,82.24453040000004,s_001,da,h_1,h_1
2025-05-01 06:00:00+00:00,98.90701120000003,s_001,da,h_1,h_1
2025-05-01 06:15:00+00:00,98.90701120000003,s_001,da,h_1,h_1
2025-05-01 06:30:00+00:00,98.90701120000003,s_001,da,h_1,h_1
2025-05-01 06:45:00+00:00,98.90701120000003,s_001,da,h_1,h_1
2025-05-01 07:00:00+00:00,98.8748515,s_001,da,h_1,h_1
2025-05-01 07:15:00+00:00,98.8748515,s_001,da,h_1,h_1
2025-05-01 07:30:00+00:00,98.8748515,s_001,da,h_1,h_1
2025-05-01 07:45:00+00:00,98.8748515,s_001,da,h_1,h_1
2025-05-01 08:00:00+00:00,82.2141504,s_001,da,h_1,h_1
2025-05-01 08:15:00+00:00,82.2141504,s_001,da,h_1,h_1
2025-05-01 08:30:00+00:00,82.2141504,s_001,da,h_1,h_1
2025-05-01 08:45:00+00:00,82.2141504,s_001,da,h_1,h_1
2025-05-01 09:00:00+00:00,57.748471100000025,s_001,da,h_1,h_1
2025-05-01 09:15:00+00:00,57.748471100000025,s_001,da,h_1,h_1
2025-05-01 09:30:00+00:00,57.748471100000025,s_001,da,h_1,h_1
2025-05-01 09:45:00+00:00,57.748471100000025,s_001,da,h_1,h_1
2025-05-01 10:00:00+00:00,32.87671100000007,s_001,da,h_1,h_1
2025-05-01 10:15:00+00:00,32.87671100000007,s_001,da,h_1,h_1
2025-05-01 10:30:00+00:00,32.87671100000007,s_001,da,h_1,h_1
2025-05-01 10:45:00+00:00,32.87671100000007,s_001,da,h_1,h_1
2025-05-01 11:00:00+00:00,16.369004499999996,s_001,da,h_1,h_1
2025-05-01 11:15:00+00:00,16.369004499999996,s_001,da,h_1,h_1
2025-05-01 11:30:00+00:00,16.369004499999996,s_001,da,h_1,h_1
2025-05-01 11:45:00+00:00,16.369004499999996,s_001,da,h_1,h_1
2025-05-01 12:00:00+00:00,11.043147100000006,s_001,da,h_1,h_1
2025-05-01 12:15:00+00:00,11.043147100000006,s_001,da,h_1,h_1
2025-05-01 12:30:00+00:00,11.043147100000006,s_001,da,h_1,h_1
2025-05-01 12:45:00+00:00,11.043147100000006,s_001,da,h_1,h_1
2025-05-01 13:00:00+00:00,4.902655900000016,s_001,da,h_1,h_1
2025-05-01 13:15:00+00:00,4.902655900000016,s_001,da,h_1,h_1
2025-05-01 13:30:00+00:00,4.902655900000016,s_001,da,h_1,h_1
2025-05-01 13:45:00+00:00,4.902655900000016,s_001,da,h_1,h_1
2025-05-01 14:00:00+00:00,7.509830500000031,s_001,da,h_1,h_1
2025-05-01 14:15:00+00:00,7.509830500000031,s_001,da,h_1,h_1
2025-05-01 14:30:00+00:00,7.509830500000031,s_001,da,h_1,h_1
2025-05-01 14:45:00+00:00,7.509830500000031,s_001,da,h_1,h_1
2025-05-01 15:00:00+00:00,15.563145500000001,s_001,da,h_1,h_1
2025-05-01 15:15:00+00:00,15.563145500000001,s_001,da,h_1,h_1
2025-05-01 15:30:00+00:00,15.563145500000001,s_001,da,h_1,h_1
2025-05-01 15:45:00+00:00,15.563145500000001,s_001,da,h_1,h_1
2025-05-01 16:00:00+00:00,28.577555200000013,s_001,da,h_1,h_1
2025-05-01 16:15:00+00:00,28.577555200000013,s_001,da,h_1,h_1
2025-05-01 16:30:00+00:00,28.577555200000013,s_001,da,h_1,h_1
2025-05-01 16:45:00+00:00,28.577555200000013,s_001,da,h_1,h_1
2025-05-01 17:00:00+00:00,50.15743270000006,s_001,da,h_1,h_1
2025-05-01 17:15:00+00:00,50.15743270000006,s_001,da,h_1,h_1
2025-05-01 17:30:00+00:00,50.15743270000006,s_001,da,h_1,h_1
2025-05-01 17:45:00+00:00,50.15743270000006,s_001,da,h_1,h_1
2025-05-01 18:00:00+00:00,68.3302544,s_001,da,h_1,h_1
2025-05-01 18:15:00+00:00,68.3302544,s_001,da,h_1,h_1
2025-05-01 18:30:00+00:00,68.3302544,s_001,da,h_1,h_1
2025-05-01 18:45:00+00:00,68.3302544,s_001,da,h_1,h_1
2025-05-01 19:00:00+00:00,72.8891243,s_001,da,h_1,h_1
2025-05-01 19:15:00+00:00,72.8891243,s_001,da,h_1,h_1
2025-05-01 19:30:00+00:00,72.8891243,s_001,da,h_1,h_1
2025-05-01 19:45:00+00:00,72.8891243,s_001,da,h_1,h_1
2025-05-01 20:00:00+00:00,61.2141985,s_001,da,h_1,h_1
2025-05-01 20:15:00+00:00,61.2141985,s_001,da,h_1,h_1
2025-05-01 20:30:00+00:00,61.2141985,s_001,da,h_1,h_1
2025-05-01 20:45:00+00:00,61.2141985,s_001,da,h_1,h_1
2025-05-01 21:00:00+00:00,43.20713909999999,s_001,da,h_1,h_1
2025-05-01 21:15:00+00:00,43.20713909999999,s_001,da,h_1,h_1
2025-05-01 21:30:00+00:00,43.20713909999999,s_001,da,h_1,h_1
2025-05-01 21:45:00+00:00,43.20713909999999,s_001,da,h_1,h_1
2025-05-01 22:00:00+00:00,81.37077850000003,s_001,da,h_1,h_1
2025-05-01 22:15:00+00:00,81.37077850000003,s_001,da,h_1,h_1
2025-05-01 22:30:00+00:00,81.37077850000003,s_001,da,h_1,h_1
2025-05-01 22:45:00+00:00,81.37077850000003,s_001,da,h_1,h_1
2025-05-01 23:00:00+00:00,69.52257110000002,s_001,da,h_1,h_1
2025-05-01 23:15:00+00:00,69.52257110000002,s_001,da,h_1,h_1
2025-05-01 23:30:00+00:00,69.52257110000002,s_001,da,h_1,h_1
2025-05-01 23:45:00+00:00,69.52257110000002,s_001,da,h_1,h_1
2025-05-01 00:00:00+00:00,478.64279999999985,s_001,pic_up,h_1,h_1
2025-05-01 00:15:00+00:00,142.7118,s_001,pic_up,h_1,h_1
2025-05-01 00:30:00+00:00,179.6928,s_001,pic_up,h_1,h_1
2025-05-01 00:45:00+00:00,89.70279999999998,s_001,pic_up,h_1,h_1
2025-05-01 01:00:00+00:00,408.07120000000015,s_001,pic_up,h_1,h_1
2025-05-01 01:15:00+00:00,143.36220000000006,s_001,pic_up,h_1,h_1
2025-05-01 01:30:00+00:00,143.26820000000004,s_001,pic_up,h_1,h_1
2025-05-01 01:45:00+00:00,158.25820000000007,s_001,pic_up,h_1,h_1
2025-05-01 02:00:00+00:00,98.893,s_001,pic_up,h_1,h_1
2025-05-01 02:15:00+00:00,132.894,s_001,pic_up,h_1,h_1
2025-05-01 02:30:00+00:00,122.52699999999999,s_001,pic_up,h_1,h_1
2025-05-01 02:45:00+00:00,117.24199999999999,s_001,pic_up,h_1,h_1
2025-05-01 03:00:00+00:00,303.7983000000013,s_001,pic_up,h_1,h_1
2025-05-01 03:15:00+00:00,143.09230000000005,s_001,pic_up,h_1,h_1
2025-05-01 03:30:00+00:00,392.0403000000003,s_001,pic_up,h_1,h_1
2025-05-01 03:45:00+00:00,160.19230000000005,s_001,pic_up,h_1,h_1
2025-05-01 04:00:00+00:00,679.9641,s_001,pic_up,h_1,h_1
2025-05-01 04:15:00+00:00,274.78510000000006,s_001,pic_up,h_1,h_1
2025-05-01 04:30:00+00:00,101.38810000000005,s_001,pic_up,h_1,h_1
2025-05-01 04:45:00+00:00,407.4641000000007,s_001,pic_up,h_1,h_1
2025-05-01 05:00:00+00:00,701.7748,s_001,pic_up,h_1,h_1
2025-05-01 05:15:00+00:00,682.8298,s_001,pic_up,h_1,h_1
2025-05-01 05:30:00+00:00,316.38480000000004,s_001,pic_up,h_1,h_1
2025-05-01 05:45:00+00:00,415.5348,s_001,pic_up,h_1,h_1
2025-05-01 06:00:00+00:00,672.7564000000001,s_001,pic_up,h_1,h_1
2025-05-01 06:15:00+00:00,572.9164000000003,s_001,pic_up,h_1,h_1
2025-05-01 06:30:00+00:00,406.2304000000001,s_001,pic_up,h_1,h_1
2025-05-01 06:45:00+00:00,251.90840000000003,s_001,pic_up,h_1,h_1
2025-05-01 07:00:00+00:00,640.6873000000003,s_001,pic_up,h_1,h_1
2025-05-01 07:15:00+00:00,673.2483000000001,s_001,pic_up,h_1,h_1
2025-05-01 07:30:00+00:00,643.2013,s_001,pic_up,h_1,h_1
2025-05-01 07:45:00+00:00,279.9103000000008,s_001,pic_up,h_1,h_1
2025-05-01 08:00:00+00:00,475.06309999999985,s_001,pic_up,h_1,h_1
2025-05-01 08:15:00+00:00,505.9211,s_001,pic_up,h_1,h_1
2025-05-01 08:30:00+00:00,405.2530999999999,s_001,pic_up,h_1,h_1
2025-05-01 08:45:00+00:00,407.88509999999985,s_001,pic_up,h_1,h_1
2025-05-01 09:00:00+00:00,287.685,s_001,pic_up,h_1,h_1
2025-05-01 09:15:00+00:00,393.985,s_001,pic_up,h_1,h_1
2025-05-01 09:30:00+00:00,224.135,s_001,pic_up,h_1,h_1
2025-05-01 09:45:00+00:00,156.935,s_001,pic_up,h_1,h_1
2025-05-01 10:00:00+00:00,182.9909,s_001,pic_up,h_1,h_1
2025-05-01 10:15:00+00:00,210.40390000000005,s_001,pic_up,h_1,h_1
2025-05-01 10:30:00+00:00,129.55490000000006,s_001,pic_up,h_1,h_1
2025-05-01 10:45:00+00:00,89.33690000000001,s_001,pic_up,h_1,h_1
2025-05-01 11:00:00+00:00,130.79340000000016,s_001,pic_up,h_1,h_1
2025-05-01 11:15:00+00:00,112.3654,s_001,pic_up,h_1,h_1
2025-05-01 11:30:00+00:00,104.1024,s_001,pic_up,h_1,h_1
2025-05-01 11:45:00+00:00,86.80440000000004,s_001,pic_up,h_1,h_1
2025-05-01 12:00:00+00:00,82.56310000000003,s_001,pic_up,h_1,h_1
2025-05-01 12:15:00+00:00,82.89410000000008,s_001,pic_up,h_1,h_1
2025-05-01 12:30:00+00:00,82.02810000000005,s_001,pic_up,h_1,h_1
2025-05-01 12:45:00+00:00,95.81210000000003,s_001,pic_up,h_1,h_1
2025-05-01 13:00:00+00:00,66.69510000000001,s_001,pic_up,h_1,h_1
2025-05-01 13:15:00+00:00,112.78910000000013,s_001,pic_up,h_1,h_1
2025-05-01 13:30:00+00:00,101.87310000000004,s_001,pic_up,h_1,h_1
2025-05-01 13:45:00+00:00,98.21110000000003,s_001,pic_up,h_1,h_1
2025-05-01 14:00:00+00:00,231.77400000000046,s_001,pic_up,h_1,h_1
2025-05-01 14:15:00+00:00,213.94200000000035,s_001,pic_up,h_1,h_1
2025-05-01 14:30:00+00:00,146.4870000000001,s_001,pic_up,h_1,h_1
2025-05-01 14:45:00+00:00,193.3860000000003,s_001,pic_up,h_1,h_1
2025-05-01 15:00:00+00:00,473.51250000000005,s_001,pic_up,h_1,h_1
2025-05-01 15:15:00+00:00,475.38250000000005,s_001,pic_up,h_1,h_1
2025-05-01 15:30:00+00:00,594.7025,s_001,pic_up,h_1,h_1
2025-05-01 15:45:00+00:00,489.5405,s_001,pic_up,h_1,h_1
2025-05-01 16:00:00+00:00,419.85540000000003,s_001,pic_up,h_1,h_1
2025-05-01 16:15:00+00:00,599.1913999999999,s_001,pic_up,h_1,h_1
2025-05-01 16:30:00+00:00,633.7194,s_001,pic_up,h_1,h_1
2025-05-01 16:45:00+00:00,528.8694000000002,s_001,pic_up,h_1,h_1
2025-05-01 17:00:00+00:00,309.2216000000002,s_001,pic_up,h_1,h_1
2025-05-01 17:15:00+00:00,517.3256,s_001,pic_up,h_1,h_1
2025-05-01 17:30:00+00:00,471.7796000000003,s_001,pic_up,h_1,h_1
2025-05-01 17:45:00+00:00,281.0056000000001,s_001,pic_up,h_1,h_1
2025-05-01 18:00:00+00:00,396.6815,s_001,pic_up,h_1,h_1
2025-05-01 18:15:00+00:00,476.5755,s_001,pic_up,h_1,h_1
2025-05-01 18:30:00+00:00,289.0035000000002,s_001,pic_up,h_1,h_1
2025-05-01 18:45:00+00:00,288.58750000000003,s_001,pic_up,h_1,h_1
2025-05-01 19:00:00+00:00,573.5338,s_001,pic_up,h_1,h_1
2025-05-01 19:15:00+00:00,446.3438000000002,s_001,pic_up,h_1,h_1
2025-05-01 19:30:00+00:00,186.08980000000003,s_001,pic_up,h_1,h_1
2025-05-01 19:45:00+00:00,138.9058,s_001,pic_up,h_1,h_1
2025-05-01 20:00:00+00:00,570.4408999999999,s_001,pic_up,h_1,h_1
2025-05-01 20:15:00+00:00,421.5709000000001,s_001,pic_up,h_1,h_1
2025-05-01 20:30:00+00:00,523.7089000000001,s_001,pic_up,h_1,h_1
2025-05-01 20:45:00+00:00,217.4629000000001,s_001,pic_up,h_1,h_1
2025-05-01 21:00:00+00:00,508.55029999999994,s_001,pic_up,h_1,h_1
2025-05-01 21:15:00+00:00,233.27530000000002,s_001,pic_up,h_1,h_1
2025-05-01 21:30:00+00:00,436.18030000000005,s_001,pic_up,h_1,h_1
2025-05-01 21:45:00+00:00,310.8553,s_001,pic_up,h_1,h_1
2025-05-01 22:00:00+00:00,541.9633,s_001,pic_up,h_1,h_1
2025-05-01 22:15:00+00:00,224.1852999999998,s_001,pic_up,h_1,h_1
2025-05-01 22:30:00+00:00,167.8672999999999,s_001,pic_up,h_1,h_1
2025-05-01 22:45:00+00:00,132.05329999999995,s_001,pic_up,h_1,h_1
2025-05-01 23:00:00+00:00,455.88410000000005,s_001,pic_up,h_1,h_1
2025-05-01 23:15:00+00:00,211.3641,s_001,pic_up,h_1,h_1
2025-05-01 23:30:00+00:00,178.0591,s_001,pic_up,h_1,h_1
2025-05-01 23:45:00+00:00,152.3991,s_001,pic_up,h_1,h_1
2025-05-01 00:00:00+00:00,39.45487824916911,s_001,pic_down,h_1,h_1
2025-05-01 00:15:00+00:00,84.36034428576407,s_001,pic_down,h_1,h_1
2025-05-01 00:30:00+00:00,-14983.71002240782,s_001,pic_down,h_1,h_1
2025-05-01 00:45:00+00:00,-14973.2188332237,s_001,pic_down,h_1,h_1
2025-05-01 01:00:00+00:00,38.90973149938444,s_001,pic_down,h_1,h_1
2025-05-01 01:15:00+00:00,63.43746486561021,s_001,pic_down,h_1,h_1
2025-05-01 01:30:00+00:00,-15021.636569904977,s_001,pic_down,h_1,h_1
2025-05-01 01:45:00+00:00,71.26378376125534,s_001,pic_down,h_1,h_1
2025-05-01 02:00:00+00:00,69.15249720708351,s_001,pic_down,h_1,h_1
2025-05-01 02:15:00+00:00,-19.571538558009404,s_001,pic_down,h_1,h_1
2025-05-01 02:30:00+00:00,39.59135344586553,s_001,pic_down,h_1,h_1
2025-05-01 02:45:00+00:00,51.54447053895634,s_001,pic_down,h_1,h_1
2025-05-01 03:00:00+00:00,123.32711830294213,s_001,pic_down,h_1,h_1
2025-05-01 03:15:00+00:00,-15023.580128486114,s_001,pic_down,h_1,h_1
2025-05-01 03:30:00+00:00,21.124221009053883,s_001,pic_down,h_1,h_1
2025-05-01 03:45:00+00:00,25.514320431479987,s_001,pic_down,h_1,h_1
2025-05-01 04:00:00+00:00,70.03859161175986,s_001,pic_down,h_1,h_1
2025-05-01 04:15:00+00:00,79.76157774151858,s_001,pic_down,h_1,h_1
2025-05-01 04:30:00+00:00,40.97909431615275,s_001,pic_down,h_1,h_1
2025-05-01 04:45:00+00:00,62.053312565965086,s_001,pic_down,h_1,h_1
2025-05-01 05:00:00+00:00,-15001.88389818341,s_001,pic_down,h_1,h_1
2025-05-01 05:15:00+00:00,45.42774611515697,s_001,pic_down,h_1,h_1
2025-05-01 05:30:00+00:00,55.66868719266805,s_001,pic_down,h_1,h_1
2025-05-01 05:45:00+00:00,-15013.259552803931,s_001,pic_down,h_1,h_1
2025-05-01 06:00:00+00:00,67.62343352261323,s_001,pic_down,h_1,h_1
2025-05-01 06:15:00+00:00,-26.849859908574025,s_001,pic_down,h_1,h_1
2025-05-01 06:30:00+00:00,2.715679091503116,s_001,pic_down,h_1,h_1
2025-05-01 06:45:00+00:00,72.45166057587919,s_001,pic_down,h_1,h_1
2025-05-01 07:00:00+00:00,24.22559123513406,s_001,pic_down,h_1,h_1
2025-05-01 07:15:00+00:00,-21.142154777040446,s_001,pic_down,h_1,h_1
2025-05-01 07:30:00+00:00,-142.18718341718275,s_001,pic_down,h_1,h_1
2025-05-01 07:45:00+00:00,-28.328633430110813,s_001,pic_down,h_1,h_1
2025-05-01 08:00:00+00:00,56.94267839537544,s_001,pic_down,h_1,h_1
2025-05-01 08:15:00+00:00,-30.40333354622843,s_001,pic_down,h_1,h_1
2025-05-01 08:30:00+00:00,20.299533755936224,s_001,pic_down,h_1,h_1
2025-05-01 08:45:00+00:00,5.1400445367581575,s_001,pic_down,h_1,h_1
2025-05-01 09:00:00+00:00,20.92147440432803,s_001,pic_down,h_1,h_1
2025-05-01 09:15:00+00:00,-11.785747462007997,s_001,pic_down,h_1,h_1
2025-05-01 09:30:00+00:00,7.404128906303989,s_001,pic_down,h_1,h_1
2025-05-01 09:45:00+00:00,42.35851652421043,s_001,pic_down,h_1,h_1
2025-05-01 10:00:00+00:00,-8.375546224891892,s_001,pic_down,h_1,h_1
2025-05-01 10:15:00+00:00,-14.21167932057858,s_001,pic_down,h_1,h_1
2025-05-01 10:30:00+00:00,36.57378810819991,s_001,pic_down,h_1,h_1
2025-05-01 10:45:00+00:00,1.7671127734851773,s_001,pic_down,h_1,h_1
2025-05-01 11:00:00+00:00,5.7986941151980345,s_001,pic_down,h_1,h_1
2025-05-01 11:15:00+00:00,47.50531986935586,s_001,pic_down,h_1,h_1
2025-05-01 11:30:00+00:00,18.383118991676305,s_001,pic_down,h_1,h_1
2025-05-01 11:45:00+00:00,36.10218571899519,s_001,pic_down,h_1,h_1
2025-05-01 12:00:00+00:00,-19.27558100507013,s_001,pic_down,h_1,h_1
2025-05-01 12:15:00+00:00,46.602213904483264,s_001,pic_down,h_1,h_1
2025-05-01 12:30:00+00:00,14.957516642433657,s_001,pic_down,h_1,h_1
2025-05-01 12:45:00+00:00,25.02675252923742,s_001,pic_down,h_1,h_1
2025-05-01 13:00:00+00:00,35.73089606181255,s_001,pic_down,h_1,h_1
2025-05-01 13:15:00+00:00,56.6828948036585,s_001,pic_down,h_1,h_1
2025-05-01 13:30:00+00:00,14.931677839616633,s_001,pic_down,h_1,h_1
2025-05-01 13:45:00+00:00,50.28415053759385,s_001,pic_down,h_1,h_1
2025-05-01 14:00:00+00:00,-79.0432941169193,s_001,pic_down,h_1,h_1
2025-05-01 14:15:00+00:00,60.582301729801976,s_001,pic_down,h_1,h_1
2025-05-01 14:30:00+00:00,0.6145535878022663,s_001,pic_down,h_1,h_1
2025-05-01 14:45:00+00:00,55.178890279038285,s_001,pic_down,h_1,h_1
2025-05-01 15:00:00+00:00,-43.53145612863155,s_001,pic_down,h_1,h_1
2025-05-01 15:15:00+00:00,-14.037733216927723,s_001,pic_down,h_1,h_1
2025-05-01 15:30:00+00:00,-14987.588708387288,s_001,pic_down,h_1,h_1
2025-05-01 15:45:00+00:00,3.976504838264244,s_001,pic_down,h_1,h_1
2025-05-01 16:00:00+00:00,-32.31177060036564,s_001,pic_down,h_1,h_1
2025-05-01 16:15:00+00:00,-17.04235197129087,s_001,pic_down,h_1,h_1
2025-05-01 16:30:00+00:00,58.63002795868172,s_001,pic_down,h_1,h_1
2025-05-01 16:45:00+00:00,54.66705300244368,s_001,pic_down,h_1,h_1
2025-05-01 17:00:00+00:00,84.7847056516558,s_001,pic_down,h_1,h_1
2025-05-01 17:15:00+00:00,-18.181901510458104,s_001,pic_down,h_1,h_1
2025-05-01 17:30:00+00:00,-15069.176507564936,s_001,pic_down,h_1,h_1
2025-05-01 17:45:00+00:00,-14998.12522209935,s_001,pic_down,h_1,h_1
2025-05-01 18:00:00+00:00,-14961.598475500394,s_001,pic_down,h_1,h_1
2025-05-01 18:15:00+00:00,-15013.63258320633,s_001,pic_down,h_1,h_1
2025-05-01 18:30:00+00:00,-15001.435291245427,s_001,pic_down,h_1,h_1
2025-05-01 18:45:00+00:00,37.99660634425526,s_001,pic_down,h_1,h_1
2025-05-01 19:00:00+00:00,-1.657008103871231,s_001,pic_down,h_1,h_1
2025-05-01 19:15:00+00:00,75.87986442593727,s_001,pic_down,h_1,h_1
2025-05-01 19:30:00+00:00,61.545128347052795,s_001,pic_down,h_1,h_1
2025-05-01 19:45:00+00:00,58.39027357215597,s_001,pic_down,h_1,h_1
2025-05-01 20:00:00+00:00,-0.11270311784572584,s_001,pic_down,h_1,h_1
2025-05-01 20:15:00+00:00,31.931917540180763,s_001,pic_down,h_1,h_1
2025-05-01 20:30:00+00:00,59.71002336309425,s_001,pic_down,h_1,h_1
2025-05-01 20:45:00+00:00,47.075115427058314,s_001,pic_down,h_1,h_1
2025-05-01 21:00:00+00:00,67.20070845327417,s_001,pic_down,h_1,h_1
2025-05-01 21:15:00+00:00,-2.115294235340862,s_001,pic_down,h_1,h_1
2025-05-01 21:30:00+00:00,46.78198793728275,s_001,pic_down,h_1,h_1
2025-05-01 21:45:00+00:00,37.458922620711164,s_001,pic_down,h_1,h_1
2025-05-01 22:00:00+00:00,71.22713293148671,s_001,pic_down,h_1,h_1
2025-05-01 22:15:00+00:00,93.64259824114598,s_001,pic_down,h_1,h_1
2025-05-01 22:30:00+00:00,48.27926270512642,s_001,pic_down,h_1,h_1
2025-05-01 22:45:00+00:00,-0.7770868274665839,s_001,pic_down,h_1,h_1
2025-05-01 23:00:00+00:00,91.4431451690684,s_001,pic_down,h_1,h_1
2025-05-01 23:15:00+00:00,-33.175852464403235,s_001,pic_down,h_1,h_1
2025-05-01 23:30:00+00:00,49.08290049060434,s_001,pic_down,h_1,h_1
2025-05-01 23:45:00+00:00,45.4252393732667,s_001,pic_down,h_1,h_1
2025-05-01 00:00:00+00:00,66.04583252941808,s_002,cap_up,h_2,h_2
2025-05-01 00:15:00+00:00,66.04583252941808,s_002,cap_up,h_2,h_2
2025-05-01 00:30:00+00:00,66.04583252941808,s_002,cap_up,h_2,h_2
2025-05-01 00:45:00+00:00,66.04583252941808,s_002,cap_up,h_2,h_2
2025-05-01 01:00:00+00:00,71.74744039839645,s_002,cap_up,h_2,h_2
2025-05-01 01:15:00+00:00,71.74744039839645,s_002,cap_up,h_2,h_2
2025-05-01 01:30:00+00:00,71.74744039839645,s_002,cap_up,h_2,h_2
2025-05-01 01:45:00+00:00,71.74744039839645,s_002,cap_up,h_2,h_2
2025-05-01 02:00:00+00:00,75.56291578835474,s_002,cap_up,h_2,h_2
2025-05-01 02:15:00+00:00,75.56291578835474,s_002,cap_up,h_2,h_2
2025-05-01 02:30:00+00:00,75.56291578835474,s_002,cap_up,h_2,h_2
2025-05-01 02:45:00+00:00,75.56291578835474,s_002,cap_up,h_2,h_2
2025-05-01 03:00:00+00:00,79.53137821573843,s_002,cap_up,h_2,h_2
2025-05-01 03:15:00+00:00,79.53137821573843,s_002,cap_up,h_2,h_2
2025-05-01 03:30:00+00:00,79.53137821573843,s_002,cap_up,h_2,h_2
2025-05-01 03:45:00+00:00,79.53137821573843,s_002,cap_up,h_2,h_2
2025-05-01 04:00:00+00:00,87.36763030328436,s_002,cap_up,h_2,h_2
2025-05-01 04:15:00+00:00,87.36763030328436,s_002,cap_up,h_2,h_2
2025-05-01 04:30:00+00:00,87.36763030328436,s_002,cap_up,h_2,h_2
2025-05-01 04:45:00+00:00,87.36763030328436,s_002,cap_up,h_2,h_2
2025-05-01 05:00:00+00:00,87.83951283039544,s_002,cap_up,h_2,h_2
2025-05-01 05:15:00+00:00,87.83951283039544,s_002,cap_up,h_2,h_2
2025-05-01 05:30:00+00:00,87.83951283039544,s_002,cap_up,h_2,h_2
2025-05-01 05:45:00+00:00,87.83951283039544,s_002,cap_up,h_2,h_2
2025-05-01 06:00:00+00:00,85.15298424700502,s_002,cap_up,h_2,h_2
2025-05-01 06:15:00+00:00,85.15298424700502,s_002,cap_up,h_2,h_2
2025-05-01 06:30:00+00:00,85.15298424700502,s_002,cap_up,h_2,h_2
2025-05-01 06:45:00+00:00,85.15298424700502,s_002,cap_up,h_2,h_2
2025-05-01 07:00:00+00:00,79.89552138360008,s_002,cap_up,h_2,h_2
2025-05-01 07:15:00+00:00,79.89552138360008,s_002,cap_up,h_2,h_2
2025-05-01 07:30:00+00:00,79.89552138360008,s_002,cap_up,h_2,h_2
2025-05-01 07:45:00+00:00,79.89552138360008,s_002,cap_up,h_2,h_2
2025-05-01 08:00:00+00:00,68.30258170253676,s_002,cap_up,h_2,h_2
2025-05-01 08:15:00+00:00,68.30258170253676,s_002,cap_up,h_2,h_2
2025-05-01 08:30:00+00:00,68.30258170253676,s_002,cap_up,h_2,h_2
2025-05-01 08:45:00+00:00,68.30258170253676,s_002,cap_up,h_2,h_2
2025-05-01 09:00:00+00:00,59.05611806129602,s_002,cap_up,h_2,h_2
2025-05-01 09:15:00+00:00,59.05611806129602,s_002,cap_up,h_2,h_2
2025-05-01 09:30:00+00:00,59.05611806129602,s_002,cap_up,h_2,h_2
2025-05-01 09:45:00+00:00,59.05611806129602,s_002,cap_up,h_2,h_2
2025-05-01 10:00:00+00:00,48.086440083137035,s_002,cap_up,h_2,h_2
2025-05-01 10:15:00+00:00,48.086440083137035,s_002,cap_up,h_2,h_2
2025-05-01 10:30:00+00:00,48.086440083137035,s_002,cap_up,h_2,h_2
2025-05-01 10:45:00+00:00,48.086440083137035,s_002,cap_up,h_2,h_2
2025-05-01 11:00:00+00:00,45.43241824969553,s_002,cap_up,h_2,h_2
2025-05-01 11:15:00+00:00,45.43241824969553,s_002,cap_up,h_2,h_2
2025-05-01 11:30:00+00:00,45.43241824969553,s_002,cap_up,h_2,h_2
2025-05-01 11:45:00+00:00,45.43241824969553,s_002,cap_up,h_2,h_2
2025-05-01 12:00:00+00:00,53.956336396468814,s_002,cap_up,h_2,h_2
2025-05-01 12:15:00+00:00,53.956336396468814,s_002,cap_up,h_2,h_2
2025-05-01 12:30:00+00:00,53.956336396468814,s_002,cap_up,h_2,h_2
2025-05-01 12:45:00+00:00,53.956336396468814,s_002,cap_up,h_2,h_2
2025-05-01 13:00:00+00:00,61.94918276443505,s_002,cap_up,h_2,h_2
2025-05-01 13:15:00+00:00,61.94918276443505,s_002,cap_up,h_2,h_2
2025-05-01 13:30:00+00:00,61.94918276443505,s_002,cap_up,h_2,h_2
2025-05-01 13:45:00+00:00,61.94918276443505,s_002,cap_up,h_2,h_2
2025-05-01 14:00:00+00:00,70.86170011876588,s_002,cap_up,h_2,h_2
2025-05-01 14:15:00+00:00,70.86170011876588,s_002,cap_up,h_2,h_2
2025-05-01 14:30:00+00:00,70.86170011876588,s_002,cap_up,h_2,h_2
2025-05-01 14:45:00+00:00,70.86170011876588,s_002,cap_up,h_2,h_2
2025-05-01 15:00:00+00:00,78.34815710413994,s_002,cap_up,h_2,h_2
2025-05-01 15:15:00+00:00,78.34815710413994,s_002,cap_up,h_2,h_2
2025-05-01 15:30:00+00:00,78.34815710413994,s_002,cap_up,h_2,h_2
2025-05-01 15:45:00+00:00,78.34815710413994,s_002,cap_up,h_2,h_2
2025-05-01 16:00:00+00:00,83.55336181777841,s_002,cap_up,h_2,h_2
2025-05-01 16:15:00+00:00,83.55336181777841,s_002,cap_up,h_2,h_2
2025-05-01 16:30:00+00:00,83.55336181777841,s_002,cap_up,h_2,h_2
2025-05-01 16:45:00+00:00,83.55336181777841,s_002,cap_up,h_2,h_2
2025-05-01 17:00:00+00:00,90.48569611839687,s_002,cap_up,h_2,h_2
2025-05-01 17:15:00+00:00,90.48569611839687,s_002,cap_up,h_2,h_2
2025-05-01 17:30:00+00:00,90.48569611839687,s_002,cap_up,h_2,h_2
2025-05-01 17:45:00+00:00,90.48569611839687,s_002,cap_up,h_2,h_2
2025-05-01 18:00:00+00:00,91.00708293158854,s_002,cap_up,h_2,h_2
2025-05-01 18:15:00+00:00,91.00708293158854,s_002,cap_up,h_2,h_2
2025-05-01 18:30:00+00:00,91.00708293158854,s_002,cap_up,h_2,h_2
2025-05-01 18:45:00+00:00,91.00708293158854,s_002,cap_up,h_2,h_2
2025-05-01 19:00:00+00:00,88.58002973333473,s_002,cap_up,h_2,h_2
2025-05-01 19:15:00+00:00,88.58002973333473,s_002,cap_up,h_2,h_2
2025-05-01 19:30:00+00:00,88.58002973333473,s_002,cap_up,h_2,h_2
2025-05-01 19:45:00+00:00,88.58002973333473,s_002,cap_up,h_2,h_2
2025-05-01 20:00:00+00:00,78.77080555136732,s_002,cap_up,h_2,h_2
2025-05-01 20:15:00+00:00,78.77080555136732,s_002,cap_up,h_2,h_2
2025-05-01 20:30:00+00:00,78.77080555136732,s_002,cap_up,h_2,h_2
2025-05-01 20:45:00+00:00,78.77080555136732,s_002,cap_up,h_2,h_2
2025-05-01 21:00:00+00:00,73.51030030667283,s_002,cap_up,h_2,h_2
2025-05-01 21:15:00+00:00,73.51030030667283,s_002,cap_up,h_2,h_2
2025-05-01 21:30:00+00:00,73.51030030667283,s_002,cap_up,h_2,h_2
2025-05-01 21:45:00+00:00,73.51030030667283,s_002,cap_up,h_2,h_2
2025-05-01 22:00:00+00:00,67.30031510329519,s_002,cap_up,h_2,h_2
2025-05-01 22:15:00+00:00,67.30031510329519,s_002,cap_up,h_2,h_2
2025-05-01 22:30:00+00:00,67.30031510329519,s_002,cap_up,h_2,h_2
2025-05-01 22:45:00+00:00,67.30031510329519,s_002,cap_up,h_2,h_2
2025-05-01 23:00:00+00:00,60.51724140494881,s_002,cap_up,h_2,h_2
2025-05-01 23:15:00+00:00,60.51724140494881,s_002,cap_up,h_2,h_2
2025-05-01 23:30:00+00:00,60.51724140494881,s_002,cap_up,h_2,h_2
2025-05-01 23:45:00+00:00,60.51724140494881,s_002,cap_up,h_2,h_2
2025-05-01 00:00:00+00:00,0.4840210113584398,s_002,cap_down,h_2,h_2
2025-05-01 00:15:00+00:00,0.4840210113584398,s_002,cap_down,h_2,h_2
2025-05-01 00:30:00+00:00,0.4840210113584398,s_002,cap_down,h_2,h_2
2025-05-01 00:45:00+00:00,0.4840210113584398,s_002,cap_down,h_2,h_2
2025-05-01 01:00:00+00:00,0.27500720841891013,s_002,cap_down,h_2,h_2
2025-05-01 01:15:00+00:00,0.27500720841891013,s_002,cap_down,h_2,h_2
2025-05-01 01:30:00+00:00,0.27500720841891013,s_002,cap_down,h_2,h_2
2025-05-01 01:45:00+00:00,0.27500720841891013,s_002,cap_down,h_2,h_2
2025-05-01 02:00:00+00:00,0.4711373978041544,s_002,cap_down,h_2,h_2
2025-05-01 02:15:00+00:00,0.4711373978041544,s_002,cap_down,h_2,h_2
2025-05-01 02:30:00+00:00,0.4711373978041544,s_002,cap_down,h_2,h_2
2025-05-01 02:45:00+00:00,0.4711373978041544,s_002,cap_down,h_2,h_2
2025-05-01 03:00:00+00:00,0.3931570286958155,s_002,cap_down,h_2,h_2
2025-05-01 03:15:00+00:00,0.3931570286958155,s_002,cap_down,h_2,h_2
2025-05-01 03:30:00+00:00,0.3931570286958155,s_002,cap_down,h_2,h_2
2025-05-01 03:45:00+00:00,0.3931570286958155,s_002,cap_down,h_2,h_2
2025-05-01 04:00:00+00:00,0.36554357030828155,s_002,cap_down,h_2,h_2
2025-05-01 04:15:00+00:00,0.36554357030828155,s_002,cap_down,h_2,h_2
2025-05-01 04:30:00+00:00,0.36554357030828155,s_002,cap_down,h_2,h_2
2025-05-01 04:45:00+00:00,0.36554357030828155,s_002,cap_down,h_2,h_2
2025-05-01 05:00:00+00:00,0.4036337691502438,s_002,cap_down,h_2,h_2
2025-05-01 05:15:00+00:00,0.4036337691502438,s_002,cap_down,h_2,h_2
2025-05-01 05:30:00+00:00,0.4036337691502438,s_002,cap_down,h_2,h_2
2025-05-01 05:45:00+00:00,0.4036337691502438,s_002,cap_down,h_2,h_2
2025-05-01 06:00:00+00:00,0.39706117548418984,s_002,cap_down,h_2,h_2
2025-05-01 06:15:00+00:00,0.39706117548418984,s_002,cap_down,h_2,h_2
2025-05-01 06:30:00+00:00,0.39706117548418984,s_002,cap_down,h_2,h_2
2025-05-01 06:45:00+00:00,0.39706117548418984,s_002,cap_down,h_2,h_2
2025-05-01 07:00:00+00:00,0.4378687338454811,s_002,cap_down,h_2,h_2
2025-05-01 07:15:00+00:00,0.4378687338454811,s_002,cap_down,h_2,h_2
2025-05-01 07:30:00+00:00,0.4378687338454811,s_002,cap_down,h_2,h_2
2025-05-01 07:45:00+00:00,0.4378687338454811,s_002,cap_down,h_2,h_2
2025-05-01 08:00:00+00:00,0.5921739305972553,s_002,cap_down,h_2,h_2
2025-05-01 08:15:00+00:00,0.5921739305972553,s_002,cap_down,h_2,h_2
2025-05-01 08:30:00+00:00,0.5921739305972553,s_002,cap_down,h_2,h_2
2025-05-01 08:45:00+00:00,0.5921739305972553,s_002,cap_down,h_2,h_2
2025-05-01 09:00:00+00:00,0.508800508759108,s_002,cap_down,h_2,h_2
2025-05-01 09:15:00+00:00,0.508800508759108,s_002,cap_down,h_2,h_2
2025-05-01 09:30:00+00:00,0.508800508759108,s_002,cap_down,h_2,h_2
2025-05-01 09:45:00+00:00,0.508800508759108,s_002,cap_down,h_2,h_2
2025-05-01 10:00:00+00:00,0.4833527692397182,s_002,cap_down,h_2,h_2
2025-05-01 10:15:00+00:00,0.4833527692397182,s_002,cap_down,h_2,h_2
2025-05-01 10:30:00+00:00,0.4833527692397182,s_002,cap_down,h_2,h_2
2025-05-01 10:45:00+00:00,0.4833527692397182,s_002,cap_down,h_2,h_2
2025-05-01 11:00:00+00:00,0.5259223965114348,s_002,cap_down,h_2,h_2
2025-05-01 11:15:00+00:00,0.5259223965114348,s_002,cap_down,h_2,h_2
2025-05-01 11:30:00+00:00,0.5259223965114348,s_002,cap_down,h_2,h_2
2025-05-01 11:45:00+00:00,0.5259223965114348,s_002,cap_down,h_2,h_2
2025-05-01 12:00:00+00:00,0.504108303713592,s_002,cap_down,h_2,h_2
2025-05-01 12:15:00+00:00,0.504108303713592,s_002,cap_down,h_2,h_2
2025-05-01 12:30:00+00:00,0.504108303713592,s_002,cap_down,h_2,h_2
2025-05-01 12:45:00+00:00,0.504108303713592,s_002,cap_down,h_2,h_2
2025-05-01 13:00:00+00:00,0.5647885396801906,s_002,cap_down,h_2,h_2
2025-05-01 13:15:00+00:00,0.5647885396801906,s_002,cap_down,h_2,h_2
2025-05-01 13:30:00+00:00,0.5647885396801906,s_002,cap_down,h_2,h_2
2025-05-01 13:45:00+00:00,0.5647885396801906,s_002,cap_down,h_2,h_2
2025-05-01 14:00:00+00:00,0.5493449869572709,s_002,cap_down,h_2,h_2
2025-05-01 14:15:00+00:00,0.5493449869572709,s_002,cap_down,h_2,h_2
2025-05-01 14:30:00+00:00,0.5493449869572709,s_002,cap_down,h_2,h_2
2025-05-01 14:45:00+00:00,0.5493449869572709,s_002,cap_down,h_2,h_2
2025-05-01 15:00:00+00:00,0.5125637871311637,s_002,cap_down,h_2,h_2
2025-05-01 15:15:00+00:00,0.5125637871311637,s_002,cap_down,h_2,h_2
2025-05-01 15:30:00+00:00,0.5125637871311637,s_002,cap_down,h_2,h_2
2025-05-01 15:45:00+00:00,0.5125637871311637,s_002,cap_down,h_2,h_2
2025-05-01 16:00:00+00:00,0.4072036592100115,s_002,cap_down,h_2,h_2
2025-05-01 16:15:00+00:00,0.4072036592100115,s_002,cap_down,h_2,h_2
2025-05-01 16:30:00+00:00,0.4072036592100115,s_002,cap_down,h_2,h_2
2025-05-01 16:45:00+00:00,0.4072036592100115,s_002,cap_down,h_2,h_2
2025-05-01 17:00:00+00:00,0.37641917656833457,s_002,cap_down,h_2,h_2
2025-05-01 17:15:00+00:00,0.37641917656833457,s_002,cap_down,h_2,h_2
2025-05-01 17:30:00+00:00,0.37641917656833457,s_002,cap_down,h_2,h_2
2025-05-01 17:45:00+00:00,0.37641917656833457,s_002,cap_down,h_2,h_2
2025-05-01 18:00:00+00:00,0.31813435332328055,s_002,cap_down,h_2,h_2
2025-05-01 18:15:00+00:00,0.31813435332328055,s_002,cap_down,h_2,h_2
2025-05-01 18:30:00+00:00,0.31813435332328055,s_002,cap_down,h_2,h_2
2025-05-01 18:45:00+00:00,0.31813435332328055,s_002,cap_down,h_2,h_2
2025-05-01 19:00:00+00:00,0.40480910486349064,s_002,cap_down,h_2,h_2
2025-05-01 19:15:00+00:00,0.40480910486349064,s_002,cap_down,h_2,h_2
2025-05-01 19:30:00+00:00,0.40480910486349064,s_002,cap_down,h_2,h_2
2025-05-01 19:45:00+00:00,0.40480910486349064,s_002,cap_down,h_2,h_2
2025-05-01 20:00:00+00:00,0.3567513288498678,s_002,cap_down,h_2,h_2
2025-05-01 20:15:00+00:00,0.3567513288498678,s_002,cap_down,h_2,h_2
2025-05-01 20:30:00+00:00,0.3567513288498678,s_002,cap_down,h_2,h_2
2025-05-01 20:45:00+00:00,0.3567513288498678,s_002,cap_down,h_2,h_2
2025-05-01 21:00:00+00:00,0.47743163623771645,s_002,cap_down,h_2,h_2
2025-05-01 21:15:00+00:00,0.47743163623771645,s_002,cap_down,h_2,h_2
2025-05-01 21:30:00+00:00,0.47743163623771645,s_002,cap_down,h_2,h_2
2025-05-01 21:45:00+00:00,0.47743163623771645,s_002,cap_down,h_2,h_2
2025-05-01 22:00:00+00:00,0.47743163623771645,s_002,cap_down,h_2,h_2
2025-05-01 22:15:00+00:00,0.47743163623771645,s_002,cap_down,h_2,h_2
2025-05-01 22:30:00+00:00,0.47743163623771645,s_002,cap_down,h_2,h_2
2025-05-01 22:45:00+00:00,0.47743163623771645,s_002,cap_down,h_2,h_2
2025-05-01 23:00:00+00:00,0.47743163623771645,s_002,cap_down,h_2,h_2
2025-05-01 23:15:00+00:00,0.47743163623771645,s_002,cap_down,h_2,h_2
2025-05-01 23:30:00+00:00,0.47743163623771645,s_002,cap_down,h_2,h_2
2025-05-01 23:45:00+00:00,0.47743163623771645,s_002,cap_down,h_2,h_2
2025-05-01 00:00:00+00:00,60.79374880000003,s_002,da,h_2,h_2
2025-05-01 00:15:00+00:00,60.79374880000003,s_002,da,h_2,h_2
2025-05-01 00:30:00+00:00,60.79374880000003,s_002,da,h_2,h_2
2025-05-01 00:45:00+00:00,60.79374880000003,s_002,da,h_2,h_2
2025-05-01 01:00:00+00:00,55.536644800000055,s_002,da,h_2,h_2
2025-05-01 01:15:00+00:00,55.536644800000055,s_002,da,h_2,h_2
2025-05-01 01:30:00+00:00,55.536644800000055,s_002,da,h_2,h_2
2025-05-01 01:45:00+00:00,55.536644800000055,s_002,da,h_2,h_2
2025-05-01 02:00:00+00:00,50.64137280000003,s_002,da,h_2,h_2
2025-05-01 02:15:00+00:00,50.64137280000003,s_002,da,h_2,h_2
2025-05-01 02:30:00+00:00,50.64137280000003,s_002,da,h_2,h_2
2025-05-01 02:45:00+00:00,50.64137280000003,s_002,da,h_2,h_2
2025-05-01 03:00:00+00:00,55.34976420000001,s_002,da,h_2,h_2
2025-05-01 03:15:00+00:00,55.34976420000001,s_002,da,h_2,h_2
2025-05-01 03:30:00+00:00,55.34976420000001,s_002,da,h_2,h_2
2025-05-01 03:45:00+00:00,55.34976420000001,s_002,da,h_2,h_2
2025-05-01 04:00:00+00:00,61.3624955,s_002,da,h_2,h_2
2025-05-01 04:15:00+00:00,61.3624955,s_002,da,h_2,h_2
2025-05-01 04:30:00+00:00,61.3624955,s_002,da,h_2,h_2
2025-05-01 04:45:00+00:00,61.3624955,s_002,da,h_2,h_2
2025-05-01 05:00:00+00:00,80.26319550000001,s_002,da,h_2,h_2
2025-05-01 05:15:00+00:00,80.26319550000001,s_002,da,h_2,h_2
2025-05-01 05:30:00+00:00,80.26319550000001,s_002,da,h_2,h_2
2025-05-01 05:45:00+00:00,80.26319550000001,s_002,da,h_2,h_2
2025-05-01 06:00:00+00:00,99.9174046,s_002,da,h_2,h_2
2025-05-01 06:15:00+00:00,99.9174046,s_002,da,h_2,h_2
2025-05-01 06:30:00+00:00,99.9174046,s_002,da,h_2,h_2
2025-05-01 06:45:00+00:00,99.9174046,s_002,da,h_2,h_2
2025-05-01 07:00:00+00:00,102.4617642,s_002,da,h_2,h_2
2025-05-01 07:15:00+00:00,102.4617642,s_002,da,h_2,h_2
2025-05-01 07:30:00+00:00,102.4617642,s_002,da,h_2,h_2
2025-05-01 07:45:00+00:00,102.4617642,s_002,da,h_2,h_2
2025-05-01 08:00:00+00:00,87.02371120000002,s_002,da,h_2,h_2
2025-05-01 08:15:00+00:00,87.02371120000002,s_002,da,h_2,h_2
2025-05-01 08:30:00+00:00,87.02371120000002,s_002,da,h_2,h_2
2025-05-01 08:45:00+00:00,87.02371120000002,s_002,da,h_2,h_2
2025-05-01 09:00:00+00:00,62.497447200000025,s_002,da,h_2,h_2
2025-05-01 09:15:00+00:00,62.497447200000025,s_002,da,h_2,h_2
2025-05-01 09:30:00+00:00,62.497447200000025,s_002,da,h_2,h_2
2025-05-01 09:45:00+00:00,62.497447200000025,s_002,da,h_2,h_2
2025-05-01 10:00:00+00:00,36.75179180000004,s_002,da,h_2,h_2
2025-05-01 10:15:00+00:00,36.75179180000004,s_002,da,h_2,h_2
2025-05-01 10:30:00+00:00,36.75179180000004,s_002,da,h_2,h_2
2025-05-01 10:45:00+00:00,36.75179180000004,s_002,da,h_2,h_2
2025-05-01 11:00:00+00:00,19.66462710000008,s_002,da,h_2,h_2
2025-05-01 11:15:00+00:00,19.66462710000008,s_002,da,h_2,h_2
2025-05-01 11:30:00+00:00,19.66462710000008,s_002,da,h_2,h_2
2025-05-01 11:45:00+00:00,19.66462710000008,s_002,da,h_2,h_2
2025-05-01 12:00:00+00:00,15.432905400000006,s_002,da,h_2,h_2
2025-05-01 12:15:00+00:00,15.432905400000006,s_002,da,h_2,h_2
2025-05-01 12:30:00+00:00,15.432905400000006,s_002,da,h_2,h_2
2025-05-01 12:45:00+00:00,15.432905400000006,s_002,da,h_2,h_2
2025-05-01 13:00:00+00:00,9.499318400000002,s_002,da,h_2,h_2
2025-05-01 13:15:00+00:00,9.499318400000002,s_002,da,h_2,h_2
2025-05-01 13:30:00+00:00,9.499318400000002,s_002,da,h_2,h_2
2025-05-01 13:45:00+00:00,9.499318400000002,s_002,da,h_2,h_2
2025-05-01 14:00:00+00:00,12.27149200000001,s_002,da,h_2,h_2
2025-05-01 14:15:00+00:00,12.27149200000001,s_002,da,h_2,h_2
2025-05-01 14:30:00+00:00,12.27149200000001,s_002,da,h_2,h_2
2025-05-01 14:45:00+00:00,12.27149200000001,s_002,da,h_2,h_2
2025-05-01 15:00:00+00:00,19.545753600000012,s_002,da,h_2,h_2
2025-05-01 15:15:00+00:00,19.545753600000012,s_002,da,h_2,h_2
2025-05-01 15:30:00+00:00,19.545753600000012,s_002,da,h_2,h_2
2025-05-01 15:45:00+00:00,19.545753600000012,s_002,da,h_2,h_2
2025-05-01 16:00:00+00:00,32.259945,s_002,da,h_2,h_2
2025-05-01 16:15:00+00:00,32.259945,s_002,da,h_2,h_2
2025-05-01 16:30:00+00:00,32.259945,s_002,da,h_2,h_2
2025-05-01 16:45:00+00:00,32.259945,s_002,da,h_2,h_2
2025-05-01 17:00:00+00:00,47.3980456,s_002,da,h_2,h_2
2025-05-01 17:15:00+00:00,47.3980456,s_002,da,h_2,h_2
2025-05-01 17:30:00+00:00,47.3980456,s_002,da,h_2,h_2
2025-05-01 17:45:00+00:00,47.3980456,s_002,da,h_2,h_2
2025-05-01 18:00:00+00:00,63.5533971,s_002,da,h_2,h_2
2025-05-01 18:15:00+00:00,63.5533971,s_002,da,h_2,h_2
2025-05-01 18:30:00+00:00,63.5533971,s_002,da,h_2,h_2
2025-05-01 18:45:00+00:00,63.5533971,s_002,da,h_2,h_2
2025-05-01 19:00:00+00:00,69.77219550000001,s_002,da,h_2,h_2
2025-05-01 19:15:00+00:00,69.77219550000001,s_002,da,h_2,h_2
2025-05-01 19:30:00+00:00,69.77219550000001,s_002,da,h_2,h_2
2025-05-01 19:45:00+00:00,69.77219550000001,s_002,da,h_2,h_2
2025-05-01 20:00:00+00:00,64.90015360000001,s_002,da,h_2,h_2
2025-05-01 20:15:00+00:00,64.90015360000001,s_002,da,h_2,h_2
2025-05-01 20:30:00+00:00,64.90015360000001,s_002,da,h_2,h_2
2025-05-01 20:45:00+00:00,64.90015360000001,s_002,da,h_2,h_2
2025-05-01 21:00:00+00:00,45.06111490000003,s_002,da,h_2,h_2
2025-05-01 21:15:00+00:00,45.06111490000003,s_002,da,h_2,h_2
2025-05-01 21:30:00+00:00,45.06111490000003,s_002,da,h_2,h_2
2025-05-01 21:45:00+00:00,45.06111490000003,s_002,da,h_2,h_2
2025-05-01 22:00:00+00:00,87.31567279999999,s_002,da,h_2,h_2
2025-05-01 22:15:00+00:00,87.31567279999999,s_002,da,h_2,h_2
2025-05-01 22:30:00+00:00,87.31567279999999,s_002,da,h_2,h_2
2025-05-01 22:45:00+00:00,87.31567279999999,s_002,da,h_2,h_2
2025-05-01 23:00:00+00:00,74.36530350000001,s_002,da,h_2,h_2
2025-05-01 23:15:00+00:00,74.36530350000001,s_002,da,h_2,h_2
2025-05-01 23:30:00+00:00,74.36530350000001,s_002,da,h_2,h_2
2025-05-01 23:45:00+00:00,74.36530350000001,s_002,da,h_2,h_2
2025-05-01 00:00:00+00:00,490.10080000000005,s_002,pic_up,h_2,h_2
2025-05-01 00:15:00+00:00,142.95080000000002,s_002,pic_up,h_2,h_2
2025-05-01 00:30:00+00:00,180.4308,s_002,pic_up,h_2,h_2
2025-05-01 00:45:00+00:00,91.0908,s_002,pic_up,h_2,h_2
2025-05-01 01:00:00+00:00,414.71420000000023,s_002,pic_up,h_2,h_2
2025-05-01 01:15:00+00:00,145.10820000000007,s_002,pic_up,h_2,h_2
2025-05-01 01:30:00+00:00,144.47220000000004,s_002,pic_up,h_2,h_2
2025-05-01 01:45:00+00:00,160.5322000000001,s_002,pic_up,h_2,h_2
2025-05-01 02:00:00+00:00,99.93900000000001,s_002,pic_up,h_2,h_2
2025-05-01 02:15:00+00:00,133.969,s_002,pic_up,h_2,h_2
2025-05-01 02:30:00+00:00,122.919,s_002,pic_up,h_2,h_2
2025-05-01 02:45:00+00:00,117.669,s_002,pic_up,h_2,h_2
2025-05-01 03:00:00+00:00,351.10730000000194,s_002,pic_up,h_2,h_2
2025-05-01 03:15:00+00:00,144.37330000000006,s_002,pic_up,h_2,h_2
2025-05-01 03:30:00+00:00,402.96530000000047,s_002,pic_up,h_2,h_2
2025-05-01 03:45:00+00:00,161.28830000000005,s_002,pic_up,h_2,h_2
2025-05-01 04:00:00+00:00,679.9641,s_002,pic_up,h_2,h_2
2025-05-01 04:15:00+00:00,274.78510000000006,s_002,pic_up,h_2,h_2
2025-05-01 04:30:00+00:00,101.38810000000005,s_002,pic_up,h_2,h_2
2025-05-01 04:45:00+00:00,407.4641000000007,s_002,pic_up,h_2,h_2
2025-05-01 05:00:00+00:00,701.0108,s_002,pic_up,h_2,h_2
2025-05-01 05:15:00+00:00,677.0108000000001,s_002,pic_up,h_2,h_2
2025-05-01 05:30:00+00:00,312.91880000000003,s_002,pic_up,h_2,h_2
2025-05-01 05:45:00+00:00,412.9108000000001,s_002,pic_up,h_2,h_2
2025-05-01 06:00:00+00:00,649.8694,s_002,pic_up,h_2,h_2
2025-05-01 06:15:00+00:00,549.1634,s_002,pic_up,h_2,h_2
2025-05-01 06:30:00+00:00,347.75840000000005,s_002,pic_up,h_2,h_2
2025-05-01 06:45:00+00:00,260.8124,s_002,pic_up,h_2,h_2
2025-05-01 07:00:00+00:00,646.6222999999999,s_002,pic_up,h_2,h_2
2025-05-01 07:15:00+00:00,676.4002999999999,s_002,pic_up,h_2,h_2
2025-05-01 07:30:00+00:00,643.3242999999999,s_002,pic_up,h_2,h_2
2025-05-01 07:45:00+00:00,298.2662999999998,s_002,pic_up,h_2,h_2
2025-05-01 08:00:00+00:00,441.09309999999994,s_002,pic_up,h_2,h_2
2025-05-01 08:15:00+00:00,506.10810000000004,s_002,pic_up,h_2,h_2
2025-05-01 08:30:00+00:00,408.73310000000004,s_002,pic_up,h_2,h_2
2025-05-01 08:45:00+00:00,416.0681000000001,s_002,pic_up,h_2,h_2
2025-05-01 09:00:00+00:00,312.0490000000003,s_002,pic_up,h_2,h_2
2025-05-01 09:15:00+00:00,397.93700000000007,s_002,pic_up,h_2,h_2
2025-05-01 09:30:00+00:00,224.197,s_002,pic_up,h_2,h_2
2025-05-01 09:45:00+00:00,159.85300000000007,s_002,pic_up,h_2,h_2
2025-05-01 10:00:00+00:00,183.89790000000002,s_002,pic_up,h_2,h_2
2025-05-01 10:15:00+00:00,211.75990000000007,s_002,pic_up,h_2,h_2
2025-05-01 10:30:00+00:00,131.46390000000008,s_002,pic_up,h_2,h_2
2025-05-01 10:45:00+00:00,89.73190000000001,s_002,pic_up,h_2,h_2
2025-05-01 11:00:00+00:00,130.79340000000016,s_002,pic_up,h_2,h_2
2025-05-01 11:15:00+00:00,112.3654,s_002,pic_up,h_2,h_2
2025-05-01 11:30:00+00:00,104.1024,s_002,pic_up,h_2,h_2
2025-05-01 11:45:00+00:00,86.80440000000004,s_002,pic_up,h_2,h_2
2025-05-01 12:00:00+00:00,82.56310000000003,s_002,pic_up,h_2,h_2
2025-05-01 12:15:00+00:00,82.89410000000008,s_002,pic_up,h_2,h_2
2025-05-01 12:30:00+00:00,82.02810000000005,s_002,pic_up,h_2,h_2
2025-05-01 12:45:00+00:00,95.81210000000003,s_002,pic_up,h_2,h_2
2025-05-01 13:00:00+00:00,66.69510000000001,s_002,pic_up,h_2,h_2
2025-05-01 13:15:00+00:00,112.78910000000013,s_002,pic_up,h_2,h_2
2025-05-01 13:30:00+00:00,101.87310000000004,s_002,pic_up,h_2,h_2
2025-05-01 13:45:00+00:00,98.21110000000003,s_002,pic_up,h_2,h_2
2025-05-01 14:00:00+00:00,231.77400000000046,s_002,pic_up,h_2,h_2
2025-05-01 14:15:00+00:00,213.94200000000035,s_002,pic_up,h_2,h_2
2025-05-01 14:30:00+00:00,146.4870000000001,s_002,pic_up,h_2,h_2
2025-05-01 14:45:00+00:00,193.3860000000003,s_002,pic_up,h_2,h_2
2025-05-01 15:00:00+00:00,473.51250000000005,s_002,pic_up,h_2,h_2
2025-05-01 15:15:00+00:00,475.38250000000005,s_002,pic_up,h_2,h_2
2025-05-01 15:30:00+00:00,594.7025,s_002,pic_up,h_2,h_2
2025-05-01 15:45:00+00:00,489.5405,s_002,pic_up,h_2,h_2
2025-05-01 16:00:00+00:00,426.27340000000015,s_002,pic_up,h_2,h_2
2025-05-01 16:15:00+00:00,599.2654,s_002,pic_up,h_2,h_2
2025-05-01 16:30:00+00:00,634.0663999999999,s_002,pic_up,h_2,h_2
2025-05-01 16:45:00+00:00,537.3364000000003,s_002,pic_up,h_2,h_2
2025-05-01 17:00:00+00:00,309.2216000000002,s_002,pic_up,h_2,h_2
2025-05-01 17:15:00+00:00,517.3256,s_002,pic_up,h_2,h_2
2025-05-01 17:30:00+00:00,471.7796000000003,s_002,pic_up,h_2,h_2
2025-05-01 17:45:00+00:00,281.0056000000001,s_002,pic_up,h_2,h_2
2025-05-01 18:00:00+00:00,396.6815,s_002,pic_up,h_2,h_2
2025-05-01 18:15:00+00:00,476.5755,s_002,pic_up,h_2,h_2
2025-05-01 18:30:00+00:00,289.0035000000002,s_002,pic_up,h_2,h_2
2025-05-01 18:45:00+00:00,288.58750000000003,s_002,pic_up,h_2,h_2
2025-05-01 19:00:00+00:00,573.5338,s_002,pic_up,h_2,h_2
2025-05-01 19:15:00+00:00,446.3438000000002,s_002,pic_up,h_2,h_2
2025-05-01 19:30:00+00:00,186.08980000000003,s_002,pic_up,h_2,h_2
2025-05-01 19:45:00+00:00,138.9058,s_002,pic_up,h_2,h_2
2025-05-01 20:00:00+00:00,572.3389,s_002,pic_up,h_2,h_2
2025-05-01 20:15:00+00:00,432.5189000000003,s_002,pic_up,h_2,h_2
2025-05-01 20:30:00+00:00,541.6029000000003,s_002,pic_up,h_2,h_2
2025-05-01 20:45:00+00:00,236.56490000000042,s_002,pic_up,h_2,h_2
2025-05-01 21:00:00+00:00,508.55029999999994,s_002,pic_up,h_2,h_2
2025-05-01 21:15:00+00:00,233.27530000000002,s_002,pic_up,h_2,h_2
2025-05-01 21:30:00+00:00,436.18030000000005,s_002,pic_up,h_2,h_2
2025-05-01 21:45:00+00:00,310.8553,s_002,pic_up,h_2,h_2
2025-05-01 22:00:00+00:00,564.9133,s_002,pic_up,h_2,h_2
2025-05-01 22:15:00+00:00,364.16730000000024,s_002,pic_up,h_2,h_2
2025-05-01 22:30:00+00:00,107.1993,s_002,pic_up,h_2,h_2
2025-05-01 22:45:00+00:00,75.41929999999999,s_002,pic_up,h_2,h_2
2025-05-01 23:00:00+00:00,446.7771000000001,s_002,pic_up,h_2,h_2
2025-05-01 23:15:00+00:00,215.77910000000008,s_002,pic_up,h_2,h_2
2025-05-01 23:30:00+00:00,185.8871000000001,s_002,pic_up,h_2,h_2
2025-05-01 23:45:00+00:00,157.90910000000008,s_002,pic_up,h_2,h_2
2025-05-01 00:00:00+00:00,56.51394212365973,s_002,pic_down,h_2,h_2
2025-05-01 00:15:00+00:00,67.6136804879927,s_002,pic_down,h_2,h_2
2025-05-01 00:30:00+00:00,-15012.809040455706,s_002,pic_down,h_2,h_2
2025-05-01 00:45:00+00:00,-15005.572659840826,s_002,pic_down,h_2,h_2
2025-05-01 01:00:00+00:00,44.48149995017169,s_002,pic_down,h_2,h_2
2025-05-01 01:15:00+00:00,60.6833786072916,s_002,pic_down,h_2,h_2
2025-05-01 01:30:00+00:00,-15052.405858192744,s_002,pic_down,h_2,h_2
2025-05-01 01:45:00+00:00,62.72901474011291,s_002,pic_down,h_2,h_2
2025-05-01 02:00:00+00:00,42.13235362936854,s_002,pic_down,h_2,h_2
2025-05-01 02:15:00+00:00,-40.96854210681472,s_002,pic_down,h_2,h_2
2025-05-01 02:30:00+00:00,51.10103002556618,s_002,pic_down,h_2,h_2
2025-05-01 02:45:00+00:00,55.53978809247608,s_002,pic_down,h_2,h_2
2025-05-01 03:00:00+00:00,97.83821926426857,s_002,pic_down,h_2,h_2
2025-05-01 03:15:00+00:00,-14989.312446835851,s_002,pic_down,h_2,h_2
2025-05-01 03:30:00+00:00,14.67443175380777,s_002,pic_down,h_2,h_2
2025-05-01 03:45:00+00:00,19.434984291129602,s_002,pic_down,h_2,h_2
2025-05-01 04:00:00+00:00,52.79426413055613,s_002,pic_down,h_2,h_2
2025-05-01 04:15:00+00:00,84.16936456235516,s_002,pic_down,h_2,h_2
2025-05-01 04:30:00+00:00,25.32727420055724,s_002,pic_down,h_2,h_2
2025-05-01 04:45:00+00:00,65.07116719859019,s_002,pic_down,h_2,h_2
2025-05-01 05:00:00+00:00,-15054.431246838605,s_002,pic_down,h_2,h_2
2025-05-01 05:15:00+00:00,13.391879104081525,s_002,pic_down,h_2,h_2
2025-05-01 05:30:00+00:00,82.29997146456479,s_002,pic_down,h_2,h_2
2025-05-01 05:45:00+00:00,-15043.869033581723,s_002,pic_down,h_2,h_2
2025-05-01 06:00:00+00:00,123.89839305941916,s_002,pic_down,h_2,h_2
2025-05-01 06:15:00+00:00,-25.38398949426468,s_002,pic_down,h_2,h_2
2025-05-01 06:30:00+00:00,-2.3305022935939563,s_002,pic_down,h_2,h_2
2025-05-01 06:45:00+00:00,106.97827788615245,s_002,pic_down,h_2,h_2
2025-05-01 07:00:00+00:00,42.19313157417294,s_002,pic_down,h_2,h_2
2025-05-01 07:15:00+00:00,-28.7769419362525,s_002,pic_down,h_2,h_2
2025-05-01 07:30:00+00:00,-96.95695718119705,s_002,pic_down,h_2,h_2
2025-05-01 07:45:00+00:00,-10.739924013572917,s_002,pic_down,h_2,h_2
2025-05-01 08:00:00+00:00,48.54979425179621,s_002,pic_down,h_2,h_2
2025-05-01 08:15:00+00:00,-24.314110772123094,s_002,pic_down,h_2,h_2
2025-05-01 08:30:00+00:00,28.370946644303505,s_002,pic_down,h_2,h_2
2025-05-01 08:45:00+00:00,39.31069756199959,s_002,pic_down,h_2,h_2
2025-05-01 09:00:00+00:00,27.08567268881209,s_002,pic_down,h_2,h_2
2025-05-01 09:15:00+00:00,-0.5429859192428452,s_002,pic_down,h_2,h_2
2025-05-01 09:30:00+00:00,38.721479083613374,s_002,pic_down,h_2,h_2
2025-05-01 09:45:00+00:00,57.854203476179784,s_002,pic_down,h_2,h_2
2025-05-01 10:00:00+00:00,40.74158652656553,s_002,pic_down,h_2,h_2
2025-05-01 10:15:00+00:00,20.636436997971728,s_002,pic_down,h_2,h_2
2025-05-01 10:30:00+00:00,20.335333061459494,s_002,pic_down,h_2,h_2
2025-05-01 10:45:00+00:00,7.701433630438315,s_002,pic_down,h_2,h_2
2025-05-01 11:00:00+00:00,-40.22440217348702,s_002,pic_down,h_2,h_2
2025-05-01 11:15:00+00:00,33.83906135786637,s_002,pic_down,h_2,h_2
2025-05-01 11:30:00+00:00,29.746097499768652,s_002,pic_down,h_2,h_2
2025-05-01 11:45:00+00:00,45.000468740306985,s_002,pic_down,h_2,h_2
2025-05-01 12:00:00+00:00,-32.197969703147756,s_002,pic_down,h_2,h_2
2025-05-01 12:15:00+00:00,70.82674569477192,s_002,pic_down,h_2,h_2
2025-05-01 12:30:00+00:00,-3.633872089656375,s_002,pic_down,h_2,h_2
2025-05-01 12:45:00+00:00,38.24220268628619,s_002,pic_down,h_2,h_2
2025-05-01 13:00:00+00:00,30.42607402663753,s_002,pic_down,h_2,h_2
2025-05-01 13:15:00+00:00,44.9207819188725,s_002,pic_down,h_2,h_2
2025-05-01 13:30:00+00:00,24.686334002396563,s_002,pic_down,h_2,h_2
2025-05-01 13:45:00+00:00,47.380900891985924,s_002,pic_down,h_2,h_2
2025-05-01 14:00:00+00:00,-15.354510633404587,s_002,pic_down,h_2,h_2
2025-05-01 14:15:00+00:00,109.44755777581827,s_002,pic_down,h_2,h_2
2025-05-01 14:30:00+00:00,-11.916926696087367,s_002,pic_down,h_2,h_2
2025-05-01 14:45:00+00:00,106.37418478917681,s_002,pic_down,h_2,h_2
2025-05-01 15:00:00+00:00,-81.25179880876173,s_002,pic_down,h_2,h_2
2025-05-01 15:15:00+00:00,-4.600264488930085,s_002,pic_down,h_2,h_2
2025-05-01 15:30:00+00:00,-14950.412549650104,s_002,pic_down,h_2,h_2
2025-05-01 15:45:00+00:00,66.50413958507013,s_002,pic_down,h_2,h_2
2025-05-01 16:00:00+00:00,-25.96831361991021,s_002,pic_down,h_2,h_2
2025-05-01 16:15:00+00:00,-10.41388557604374,s_002,pic_down,h_2,h_2
2025-05-01 16:30:00+00:00,20.305447532029547,s_002,pic_down,h_2,h_2
2025-05-01 16:45:00+00:00,93.78165964736368,s_002,pic_down,h_2,h_2
2025-05-01 17:00:00+00:00,82.3246854194934,s_002,pic_down,h_2,h_2
2025-05-01 17:15:00+00:00,3.1344500169395033,s_002,pic_down,h_2,h_2
2025-05-01 17:30:00+00:00,-15110.611232920373,s_002,pic_down,h_2,h_2
2025-05-01 17:45:00+00:00,-14986.035064522708,s_002,pic_down,h_2,h_2
2025-05-01 18:00:00+00:00,-14991.250987381614,s_002,pic_down,h_2,h_2
2025-05-01 18:15:00+00:00,-15037.242104949786,s_002,pic_down,h_2,h_2
2025-05-01 18:30:00+00:00,-14994.615240947192,s_002,pic_down,h_2,h_2
2025-05-01 18:45:00+00:00,31.875736016315457,s_002,pic_down,h_2,h_2
2025-05-01 19:00:00+00:00,-29.13894939432366,s_002,pic_down,h_2,h_2
2025-05-01 19:15:00+00:00,67.8913309104337,s_002,pic_down,h_2,h_2
2025-05-01 19:30:00+00:00,79.59372201144059,s_002,pic_down,h_2,h_2
2025-05-01 19:45:00+00:00,-0.32220554299208715,s_002,pic_down,h_2,h_2
2025-05-01 20:00:00+00:00,-35.98045020599596,s_002,pic_down,h_2,h_2
2025-05-01 20:15:00+00:00,30.041288215951656,s_002,pic_down,h_2,h_2
2025-05-01 20:30:00+00:00,26.21322728420236,s_002,pic_down,h_2,h_2
2025-05-01 20:45:00+00:00,52.818021685580575,s_002,pic_down,h_2,h_2
2025-05-01 21:00:00+00:00,38.68093561420716,s_002,pic_down,h_2,h_2
2025-05-01 21:15:00+00:00,4.777998753838843,s_002,pic_down,h_2,h_2
2025-05-01 21:30:00+00:00,31.63927795927672,s_002,pic_down,h_2,h_2
2025-05-01 21:45:00+00:00,62.52722458482225,s_002,pic_down,h_2,h_2
2025-05-01 22:00:00+00:00,102.83332170556626,s_002,pic_down,h_2,h_2
2025-05-01 22:15:00+00:00,77.05022448258377,s_002,pic_down,h_2,h_2
2025-05-01 22:30:00+00:00,91.03735630483507,s_002,pic_down,h_2,h_2
2025-05-01 22:45:00+00:00,-12.085002495691342,s_002,pic_down,h_2,h_2
2025-05-01 23:00:00+00:00,101.08151385586922,s_002,pic_down,h_2,h_2
2025-05-01 23:15:00+00:00,-44.948969064901256,s_002,pic_down,h_2,h_2
2025-05-01 23:30:00+00:00,87.88413372861035,s_002,pic_down,h_2,h_2
2025-05-01 23:45:00+00:00,60.273554202639204,s_002,pic_down,h_2,h_2
